"client_id"	"site_id"	"name"	"site_type"	"address"	"team_id"
"1391"	"10756"	"Fraser - Yukon - IC"	"IC"	"10600 Yukon Rd S, Bloomington, MN 55438-2256"	"6"
"2008"	"12922"	"Elohim Housecall Doctors"	"IC"	"1320 N Hamilton St Ste 105, High Point, NC 27262"	"8"
"1391"	"12277"	"Hammer - Merrimac - IC"	"IC"	"420 Merrimac Ln North, Plymouth, MN 55447"	"6"
"1954"	"11996"	"FHS - Trueman Pointe Care Center"	"Facility"	"4660 Trueman Blvd, Hilliard, OH 43026"	"13"
"1391"	"11003"	"The Lodge On Summit Oak - IC"	"IC"	"1412 Summit Oaks Dr, Burnsville, MN 55337-4744"	"6"
"1391"	"11003"	"The Lodge On Summit Oak - IC"	"IC"	"1412 Summit Oaks Dr, Burnsville, MN 55337-4744"	"6"
"1641"	"9030"	"CAI - Greenwood Health & Living Community - RESIDENT"	"Facility"	"937 Fry Road, Greenwood, IN 46142"	"9"
"1582"	"8438"	"AMH - Mayfield Heights"	"Facility"	"6200 Landerhaven Dr, Cleveland, OH 44124"	"13"
"1285"	"6693"	"BNR - RESIDENTS"	"Facility"	"814 Old Ekron Rd, Brandenburg, KY 40108"	"5"
"1641"	"9036"	"CAI - Lincoln Hills Health Center - RESIDENT"	"Facility"	"326 Country Club Drive, New Albany, IN 47150"	"5"
"1391"	"11188"	"Rakhma Grace Home - IC"	"IC"	"5126 Mayview Rd, MINNETONKA, MN 55345"	"6"
"884"	"12177"	"CP - Lexington - CLINICAL"	"Facility"	"2020 Cambridge Dr, Lexington, KY 40504"	"5"
"1729"	"9995"	"The Glenn Hopkins - CLINICAL"	"Facility"	"1011 Feltl Ct, Hopkins, MN 55343"	"6"
"1391"	"11094"	"Broeffle/Latimore Adult Foster Care - IC"	"IC"	"8600 Northwood Parkway, New Hope, MN 55427"	"6"
"1391"	"11765"	"Dungarvin - North Virginia - IC"	"IC"	"3500 Virginia Ave N, New Hope, MN 55427-1967"	"6"
"1937"	"11823"	"Advanced Care House Calls"	"IC"	"9510 Ormsby Station Rd Ste 100, Louisville, KY 40223"	"5"
"1391"	"10746"	"Acr - 16Th Ave - IC"	"IC"	"1309 16Th Ave Nw, New Brighton, MN 55112-6418"	"6"
"1391"	"10746"	"Acr - 16Th Ave - IC"	"IC"	"1309 16Th Ave Nw, New Brighton, MN 55112-6418"	"6"
"1391"	"10746"	"Acr - 16Th Ave - IC"	"IC"	"1309 16Th Ave Nw, New Brighton, MN 55112-6418"	"6"
"1391"	"10746"	"Acr - 16Th Ave - IC"	"IC"	"1309 16Th Ave Nw, New Brighton, MN 55112-6418"	"6"
"1937"	"11823"	"Advanced Care House Calls"	"IC"	"9510 Ormsby Station Rd Ste 100, Louisville, KY 40223"	"5"
"1391"	"10588"	"REM - Pony - IC"	"IC"	"103 Pony Lane W, Apple Valley, MN 55124"	"6"
"1391"	"11329"	"Arise Home - Idaho Circle - IC"	"IC"	"8017 Idaho Circle North, Brooklyn Park, MN 55445"	"6"
"1937"	"11823"	"Advanced Care House Calls"	"IC"	"9510 Ormsby Station Rd Ste 100, Louisville, KY 40223"	"5"
"1391"	"13040"	"REM - Jackson - IC"	"IC"	"2555 Ruth St, Little Canada, MN 55117-1437"	"6"
"1641"	"9030"	"CAI - Greenwood Health & Living Community - RESIDENT"	"Facility"	"937 Fry Road, Greenwood, IN 46142"	"9"
"2008"	"12922"	"Elohim Housecall Doctors"	"IC"	"1320 N Hamilton St Ste 105, High Point, NC 27262"	"8"
"1391"	"10588"	"REM - Pony - IC"	"IC"	"103 Pony Lane W, Apple Valley, MN 55124"	"6"
"1937"	"11823"	"Advanced Care House Calls"	"IC"	"9510 Ormsby Station Rd Ste 100, Louisville, KY 40223"	"5"
"1391"	"12109"	"Dungarvin - 47 1/2 - IC"	"IC"	"8821 47 1/2 Ave N, New Hope, MN 55428"	"6"
"1391"	"10778"	"Dungarvin - Decatur - IC"	"IC"	"4744 Decatur Pl N, New Hope, MN 55428-4435"	"6"
"1937"	"11823"	"Advanced Care House Calls"	"IC"	"9510 Ormsby Station Rd Ste 100, Louisville, KY 40223"	"5"
"1391"	"11003"	"The Lodge On Summit Oak - IC"	"IC"	"1412 Summit Oaks Dr, Burnsville, MN 55337-4744"	"6"
"1937"	"11823"	"Advanced Care House Calls"	"IC"	"9510 Ormsby Station Rd Ste 100, Louisville, KY 40223"	"5"
"1949"	"11942"	"Carlisle at Carrboro"	"Facility"	"624 Jones Ferry Rd, Carrboro, NC 27510"	"8"
"1899"	"13084"	"VUMC - Heart & Vascular"	"IC"	"1215 21st Ave S, Nashville, TN 37232"	"5"
"1391"	"11358"	"Acr - Lancaster - IC"	"IC"	"10514 Lancaster Ln N, Maple Grove, MN 55369-2748"	"6"
"1391"	"11358"	"Acr - Lancaster - IC"	"IC"	"10514 Lancaster Ln N, Maple Grove, MN 55369-2748"	"6"
"1391"	"12288"	"Living Well - Carmen Lane - IC"	"IC"	"915 Carmen Ln, Mendota Heights, MN 55118"	"6"
"1937"	"11823"	"Advanced Care House Calls"	"IC"	"9510 Ormsby Station Rd Ste 100, Louisville, KY 40223"	"5"
"1949"	"11942"	"Carlisle at Carrboro"	"Facility"	"624 Jones Ferry Rd, Carrboro, NC 27510"	"8"
"1899"	"11532"	"VHVI Anticoagulation Clinic"	"IC"	"3841 Green Hills Village Dr Ste 3034, Nashville, TN 37215"	"5"
"1391"	"11063"	"Hammer - Cedarwood - IC"	"IC"	"2509 Cedarwood Rdg, Minnetonka, MN 55305-3140"	"6"
"1391"	"10597"	"Homeward Bound - Brooklyn Park - IC"	"IC"	"7839 Brooklyn Blvd, Brooklyn Park, MN 55445-2716"	"6"
"1391"	"10597"	"Homeward Bound - Brooklyn Park - IC"	"IC"	"7839 Brooklyn Blvd, Brooklyn Park, MN 55445-2716"	"6"
"1391"	"11003"	"The Lodge On Summit Oak - IC"	"IC"	"1412 Summit Oaks Dr, Burnsville, MN 55337-4744"	"6"
"1899"	"11532"	"VHVI Anticoagulation Clinic"	"IC"	"3841 Green Hills Village Dr Ste 3034, Nashville, TN 37215"	"5"
"1937"	"11823"	"Advanced Care House Calls"	"IC"	"9510 Ormsby Station Rd Ste 100, Louisville, KY 40223"	"5"
"1391"	"11622"	"Rakhma Peace Home - IC"	"IC"	"4953 Aldrich Avenue South, Minneapolis, MN 55419"	"6"
"1391"	"11240"	"AbleLight - Maple Grove - IC"	"IC"	"15382 80th Place N, Maple Grove, MN 55311"	"6"
"1391"	"10623"	"LSS - Georgia's Place - IC"	"IC"	"1968 Foxridge Rd, Saint Paul, MN 55119-4943"	"6"
"1937"	"11823"	"Advanced Care House Calls"	"IC"	"9510 Ormsby Station Rd Ste 100, Louisville, KY 40223"	"5"
"1391"	"12321"	"Phoenix - Furness - IC"	"IC"	"1866 Furness St., St. Paul, MN 55109"	"6"
"1937"	"11823"	"Advanced Care House Calls"	"IC"	"9510 Ormsby Station Rd Ste 100, Louisville, KY 40223"	"5"
"1641"	"9036"	"CAI - Lincoln Hills Health Center - RESIDENT"	"Facility"	"326 Country Club Drive, New Albany, IN 47150"	"5"
"1641"	"9036"	"CAI - Lincoln Hills Health Center - RESIDENT"	"Facility"	"326 Country Club Drive, New Albany, IN 47150"	"5"
"1391"	"11249"	"Care Partners Fox Crossing"	"Facility"	"1750 Irish Road, NEENAH, WI 54956"	"11"
"1641"	"9036"	"CAI - Lincoln Hills Health Center - RESIDENT"	"Facility"	"326 Country Club Drive, New Albany, IN 47150"	"5"
"1954"	"12007"	"FHS - Meadow Grove Transitional Care"	"Facility"	"5919 Blue Star Dr, Grove City, OH 43123"	"13"
"1391"	"10756"	"Fraser - Yukon - IC"	"IC"	"10600 Yukon Rd S, Bloomington, MN 55438-2256"	"6"
"1391"	"10756"	"Fraser - Yukon - IC"	"IC"	"10600 Yukon Rd S, Bloomington, MN 55438-2256"	"6"
"1729"	"9647"	"Copperfield Hill - CLINICAL"	"Facility"	"4200 40th Ave N, Robbinsdale, MN 55422"	"6"
"1391"	"12241"	"NG & NG Services - IC"	"IC"	"8615 Birch Blvd, Inver Grove Heights, MN 55076"	"6"
"2058"	"13310"	"Majestic Care of Goshen"	"Facility"	"2400 College Ave, Goshen, IN 46528"	"9"
"1391"	"13368"	"Lino Lakes Assisted Living"	"Facility"	"725 Town Center Parkway, Lino Lakes, MN 55014-1127"	"6"
"1937"	"11823"	"Advanced Care House Calls"	"IC"	"9510 Ormsby Station Rd Ste 100, Louisville, KY 40223"	"5"
"1641"	"9036"	"CAI - Lincoln Hills Health Center - RESIDENT"	"Facility"	"326 Country Club Drive, New Albany, IN 47150"	"5"
"1937"	"11823"	"Advanced Care House Calls"	"IC"	"9510 Ormsby Station Rd Ste 100, Louisville, KY 40223"	"5"
"1391"	"11898"	"Hammer - Tyler - IC"	"IC"	"2611 Black Oaks Ln N, Plymouth, MN 55447-1820"	"6"
"1391"	"11329"	"Arise Home - Idaho Circle - IC"	"IC"	"8017 Idaho Circle North, Brooklyn Park, MN 55445"	"6"
"1281"	"11842"	"FNR - CLINICAL"	"Facility"	"313 W Main St, Fordsville, KY 42343"	"5"
"1641"	"9036"	"CAI - Lincoln Hills Health Center - RESIDENT"	"Facility"	"326 Country Club Drive, New Albany, IN 47150"	"5"
"1641"	"9028"	"CAI - Cumberland Trace - RESIDENT"	"Facility"	"1925 Reeves Road, Plainfield, IN 46168"	"9"
"1641"	"9029"	"CAI - Cumberland Trace Assisted Living - RESIDENT"	"Facility"	"1925 Reeves Road, Plainfield, IN 46168"	"9"
"1937"	"11823"	"Advanced Care House Calls"	"IC"	"9510 Ormsby Station Rd Ste 100, Louisville, KY 40223"	"5"
"1391"	"11003"	"The Lodge On Summit Oak - IC"	"IC"	"1412 Summit Oaks Dr, Burnsville, MN 55337-4744"	"6"
"1937"	"11823"	"Advanced Care House Calls"	"IC"	"9510 Ormsby Station Rd Ste 100, Louisville, KY 40223"	"5"
"1391"	"13368"	"Lino Lakes Assisted Living"	"Facility"	"725 Town Center Parkway, Lino Lakes, MN 55014-1127"	"6"
"1937"	"11823"	"Advanced Care House Calls"	"IC"	"9510 Ormsby Station Rd Ste 100, Louisville, KY 40223"	"5"
"1391"	"11186"	"Mary T - Plymouth West - IC"	"IC"	"2735 Olive Ln N, Minneapolis, MN 55447-1611"	"6"
"1937"	"11823"	"Advanced Care House Calls"	"IC"	"9510 Ormsby Station Rd Ste 100, Louisville, KY 40223"	"5"
"1391"	"11186"	"Mary T - Plymouth West - IC"	"IC"	"2735 Olive Ln N, Minneapolis, MN 55447-1611"	"6"
"1391"	"11202"	"Dungarvin - Chai House - IC"	"IC"	"1210 OAKVIEW LN N, PLYMOUTH, MN 55441-4646"	"6"
"1391"	"11202"	"Dungarvin - Chai House - IC"	"IC"	"1210 OAKVIEW LN N, PLYMOUTH, MN 55441-4646"	"6"
"2004"	"12978"	"University Park Health & Rehab"	"Facility"	"1400 Medical Park Dr, Fort Wayne, IN 46825"	"9"
"1976"	"12152"	"Sonida Senior Living - Greenbriar Village"	"Facility"	"8800 Spoon Dr, Indianapolis, IN 46219"	"9"
"2004"	"12978"	"University Park Health & Rehab"	"Facility"	"1400 Medical Park Dr, Fort Wayne, IN 46825"	"9"
"1962"	"12027"	"Hearthstone Place"	"Facility"	"506 Allensville St, Elkton, KY 42220"	"5"
"1398"	"9157"	"GNAR - Clinical Blood"	"Facility"	"505 William Thomason BYU, Leitchfield, KY 42754"	"5"
"1398"	"9157"	"GNAR - Clinical Blood"	"Facility"	"505 William Thomason BYU, Leitchfield, KY 42754"	"5"
"1398"	"9157"	"GNAR - Clinical Blood"	"Facility"	"505 William Thomason BYU, Leitchfield, KY 42754"	"5"
"1391"	"10681"	"Oak Park Place - Oak Creek"	"Facility"	"1980 W RAWSON AVE, OAK CREEK, WI 53154-1304"	"11"
"1641"	"9036"	"CAI - Lincoln Hills Health Center - RESIDENT"	"Facility"	"326 Country Club Drive, New Albany, IN 47150"	"5"
"1899"	"11532"	"VHVI Anticoagulation Clinic"	"IC"	"3841 Green Hills Village Dr Ste 3034, Nashville, TN 37215"	"5"
"1937"	"11823"	"Advanced Care House Calls"	"IC"	"9510 Ormsby Station Rd Ste 100, Louisville, KY 40223"	"5"
"1391"	"11241"	"Rem - The Woods - IC"	"IC"	"1717 Clarence St, North Saint Paul, MN 55109-4142"	"6"
"1391"	"11630"	"Hammer - Garland - IC"	"IC"	"1530 Garland Ln N, Plymouth, MN 55447-2718"	"6"
"1391"	"11210"	"Hammer - Kentucky - IC"	"IC"	"18115 30Th Ave N, Plymouth, MN 55447-1632"	"6"
"1391"	"11210"	"Hammer - Kentucky - IC"	"IC"	"18115 30Th Ave N, Plymouth, MN 55447-1632"	"6"
"1912"	"11656"	"Elite House Calls"	"IC"	"2680 Masonville Beverly Rd, Hopkinsville, KY 42240"	"5"
"1954"	"11987"	"FHS - Tuscany Gardens"	"Facility"	"7400 Hazelton Etna Rd SW, Pataskala, OH 43062"	"13"
"1729"	"9647"	"Copperfield Hill - CLINICAL"	"Facility"	"4200 40th Ave N, Robbinsdale, MN 55422"	"6"
"1937"	"11823"	"Advanced Care House Calls"	"IC"	"9510 Ormsby Station Rd Ste 100, Louisville, KY 40223"	"5"
"1641"	"9036"	"CAI - Lincoln Hills Health Center - RESIDENT"	"Facility"	"326 Country Club Drive, New Albany, IN 47150"	"5"
"2004"	"13376"	"Chalet Rehabilitation & Healthcare Center"	"Facility"	"4851 Tincher Rd, Indianapolis, IN 46221"	"9"
"1937"	"11823"	"Advanced Care House Calls"	"IC"	"9510 Ormsby Station Rd Ste 100, Louisville, KY 40223"	"5"
"1641"	"9036"	"CAI - Lincoln Hills Health Center - RESIDENT"	"Facility"	"326 Country Club Drive, New Albany, IN 47150"	"5"
"1962"	"12027"	"Hearthstone Place"	"Facility"	"506 Allensville St, Elkton, KY 42220"	"5"
"1962"	"12027"	"Hearthstone Place"	"Facility"	"506 Allensville St, Elkton, KY 42220"	"5"
"1407"	"7208"	"SOG - Shepherd of Grace"	"Facility"	"11175 27th Ave SE, Becker, MN 55308"	"6"
"1937"	"11823"	"Advanced Care House Calls"	"IC"	"9510 Ormsby Station Rd Ste 100, Louisville, KY 40223"	"5"
"2054"	"13280"	"Northern Lakes Nursing & Rehabilitation - MC, SNF, LTC"	"Facility"	"516 Williams St, Angola, IN 46703"	"9"
"1391"	"12971"	"Harbor Crossing "	"Facility"	"4650 Centerville Road, White Bear Lake, MN 55127-3200"	"6"
"1729"	"9676"	"Benedictine of Anoka - CLINICAL"	"Facility"	"910 Western St, Anoka, MN 55303"	"6"
"1937"	"11823"	"Advanced Care House Calls"	"IC"	"9510 Ormsby Station Rd Ste 100, Louisville, KY 40223"	"5"
"1391"	"12269"	"Together Home Services - IC"	"IC"	"3809 Oregon Ave N, New Hope, MN 55427"	"6"
"2017"	"12970"	"Vannoni Living Center"	"Facility"	"500 Lincolnway E, Mishawaka, IN 46544"	"9"
"1735"	"10028"	"Eventus - Kentucky - Ashton Grove Senior Living"	"Facility"	"115 Ashton Grove Path, Georgetown, KY 40324"	"5"
"2063"	"13341"	"The Residence at North Ridge - AL - MC"	"Facility"	"5500 Boone Ave N, Minneapolis, MN 55428"	"6"
"1391"	"11269"	"Motivate Home Services - Chika - IC"	"IC"	"844 W RIVER RD, CHAMPLIN, MN 55316-1458"	"6"
"1937"	"11823"	"Advanced Care House Calls"	"IC"	"9510 Ormsby Station Rd Ste 100, Louisville, KY 40223"	"5"
"1391"	"11953"	"Oak Ridge Place Senior Living"	"Facility"	"6060 OXBORO AVE N, STILLWATER, MN 55082-6123"	"6"
"1937"	"11823"	"Advanced Care House Calls"	"IC"	"9510 Ormsby Station Rd Ste 100, Louisville, KY 40223"	"5"
"1997"	"12328"	"New Perspective Highland Park"	"Facility"	"750 Mississippi River Blvd S, Saint Paul, MN 55116"	"6"
"1949"	"11942"	"Carlisle at Carrboro"	"Facility"	"624 Jones Ferry Rd, Carrboro, NC 27510"	"8"
"1391"	"13335"	"Millers Landing Senior Living"	"Facility"	"155 South 5th Avenue, Minneapolis, MN 55401-2540"	"6"
"1735"	"12488"	"Eventus - North Carolina - Carolina Reserve of Durham AL"	"Facility"	"4523 HOPE VALLEY RD, DURHAM, NC 27707-27707"	"8"
"1729"	"9995"	"The Glenn Hopkins - CLINICAL"	"Facility"	"1011 Feltl Ct, Hopkins, MN 55343"	"6"
"2019"	"12991"	"Wellington Parc of Owensboro"	"Facility"	"2885 New Hartford Rd, Owensboro, KY 42303"	"5"
"1641"	"9013"	"CAI - Arbor Trace - RESIDENT"	"Facility"	"3701 Hodgin Road, Richmond, IN 47374"	"9"
"1954"	"11996"	"FHS - Trueman Pointe Care Center"	"Facility"	"4660 Trueman Blvd, Hilliard, OH 43026"	"13"
"1954"	"11996"	"FHS - Trueman Pointe Care Center"	"Facility"	"4660 Trueman Blvd, Hilliard, OH 43026"	"13"
"1954"	"11987"	"FHS - Tuscany Gardens"	"Facility"	"7400 Hazelton Etna Rd SW, Pataskala, OH 43062"	"13"
"1134"	"3732"	"Morgantown Care & Rehabilitation Center"	"Facility"	"201 South Warren Street   , Morgantown, KY 42261, US"	"5"
"1391"	"10746"	"Acr - 16Th Ave - IC"	"IC"	"1309 16Th Ave Nw, New Brighton, MN 55112-6418"	"6"
"1641"	"9044"	"CAI - University Heights Health & Living - RESIDENT"	"Facility"	"1380 E County Line Road S, Indianapolis, IN 46227"	"9"
"2052"	"13266"	"Pioneer Trace Group, LLC - SNF"	"Facility"	"115 Pioneer Trce, Flemingsburg, KY 41041, US"	"5"
"1735"	"12421"	"Eventus - North Carolina - Brookdale Chapel Hill AL"	"Facility"	"2220 FARMINGTON DR, CHAPEL HILL, NC 27517-27517"	"8"
"1937"	"11823"	"Advanced Care House Calls"	"IC"	"9510 Ormsby Station Rd Ste 100, Louisville, KY 40223"	"5"
"1134"	"3732"	"Morgantown Care & Rehabilitation Center"	"Facility"	"201 South Warren Street   , Morgantown, KY 42261, US"	"5"
"1899"	"11532"	"VHVI Anticoagulation Clinic"	"IC"	"3841 Green Hills Village Dr Ste 3034, Nashville, TN 37215"	"5"
"1899"	"11532"	"VHVI Anticoagulation Clinic"	"IC"	"3841 Green Hills Village Dr Ste 3034, Nashville, TN 37215"	"5"
"1899"	"11532"	"VHVI Anticoagulation Clinic"	"IC"	"3841 Green Hills Village Dr Ste 3034, Nashville, TN 37215"	"5"
"1398"	"9157"	"GNAR - Clinical Blood"	"Facility"	"505 William Thomason BYU, Leitchfield, KY 42754"	"5"
"1954"	"11987"	"FHS - Tuscany Gardens"	"Facility"	"7400 Hazelton Etna Rd SW, Pataskala, OH 43062"	"13"
"1729"	"9683"	"Waterford Manor - CLINICAL"	"Facility"	"6288 Louisiana Ct, Brooklyn Park, MN 55428"	"6"
"1729"	"9683"	"Waterford Manor - CLINICAL"	"Facility"	"6288 Louisiana Ct, Brooklyn Park, MN 55428"	"6"
"1937"	"11823"	"Advanced Care House Calls"	"IC"	"9510 Ormsby Station Rd Ste 100, Louisville, KY 40223"	"5"
"1729"	"9683"	"Waterford Manor - CLINICAL"	"Facility"	"6288 Louisiana Ct, Brooklyn Park, MN 55428"	"6"
"1729"	"9683"	"Waterford Manor - CLINICAL"	"Facility"	"6288 Louisiana Ct, Brooklyn Park, MN 55428"	"6"
"1641"	"9036"	"CAI - Lincoln Hills Health Center - RESIDENT"	"Facility"	"326 Country Club Drive, New Albany, IN 47150"	"5"
"1899"	"11532"	"VHVI Anticoagulation Clinic"	"IC"	"3841 Green Hills Village Dr Ste 3034, Nashville, TN 37215"	"5"
"1412"	"7220"	"CAL - Cherrywood Advanced Living - Big Lake"	"Facility"	"177 Henry Rd, Big Lake, MN 55309"	"6"
"1391"	"12244"	"Uplifted Care Services - Brooklyn House - IC"	"IC"	"2717 77th Blvd, Brooklyn Park, MN 55444"	"6"
"1391"	"12334"	"CareCo Apartments - IC"	"IC"	"6115 Carmen Ave E, Inver Grove Heights, MN 55076"	"6"
"2078"	"13402"	"Optalis - Three Rivers"	"Facility"	"517 S Erie St, Three Rivers, MI 49093"	"9"
"1391"	"11332"	"REM - Rolling Hills - IC"	"IC"	"2890 Upper 79th Court E, INVER GROVE HEIGHTS, MN 55076"	"6"
"1391"	"11050"	"Willow View"	"Facility"	"3553 S 41St St, Milwaukee, WI 53221-1024"	"11"
"1899"	"11532"	"VHVI Anticoagulation Clinic"	"IC"	"3841 Green Hills Village Dr Ste 3034, Nashville, TN 37215"	"5"
"1257"	"10993"	"VFM - Versailles Family Medicine - Mobile Labs"	"IC"	"460 Wilson Ave, Versailles, KY 40383"	"5"
"1937"	"11823"	"Advanced Care House Calls"	"IC"	"9510 Ormsby Station Rd Ste 100, Louisville, KY 40223"	"5"
"1937"	"11823"	"Advanced Care House Calls"	"IC"	"9510 Ormsby Station Rd Ste 100, Louisville, KY 40223"	"5"
"1641"	"9036"	"CAI - Lincoln Hills Health Center - RESIDENT"	"Facility"	"326 Country Club Drive, New Albany, IN 47150"	"5"
"2088"	"13440"	"Heyday Health - Ohio"	"IC"	"143 Boardman Canfield Rd, Ste 359, Boardman, OH 44512"	"13"
"1410"	"7215"	"SVA - Serenity Village - RESIDENTS"	"Facility"	"113 Serenity Ct, Avon, MN 56310"	"6"
"2088"	"13440"	"Heyday Health - Ohio"	"IC"	"143 Boardman Canfield Rd, Ste 359, Boardman, OH 44512"	"13"
"2088"	"13440"	"Heyday Health - Ohio"	"IC"	"143 Boardman Canfield Rd, Ste 359, Boardman, OH 44512"	"13"
"1391"	"12247"	"Uplifted Care Services - Noble House - IC"	"IC"	"3324 74th Cir N.,, Brooklyn Park, MN 55428"	"6"
"1937"	"11823"	"Advanced Care House Calls"	"IC"	"9510 Ormsby Station Rd Ste 100, Louisville, KY 40223"	"5"
"1937"	"11823"	"Advanced Care House Calls"	"IC"	"9510 Ormsby Station Rd Ste 100, Louisville, KY 40223"	"5"
"1937"	"11823"	"Advanced Care House Calls"	"IC"	"9510 Ormsby Station Rd Ste 100, Louisville, KY 40223"	"5"
"1391"	"12301"	"Lange Board and Room"	"Facility"	"13892 37th St SE, Clear Lake, MN 55319"	"6"
"1954"	"11987"	"FHS - Tuscany Gardens"	"Facility"	"7400 Hazelton Etna Rd SW, Pataskala, OH 43062"	"13"
"1641"	"9036"	"CAI - Lincoln Hills Health Center - RESIDENT"	"Facility"	"326 Country Club Drive, New Albany, IN 47150"	"5"
"1641"	"9030"	"CAI - Greenwood Health & Living Community - RESIDENT"	"Facility"	"937 Fry Road, Greenwood, IN 46142"	"9"
"1641"	"9036"	"CAI - Lincoln Hills Health Center - RESIDENT"	"Facility"	"326 Country Club Drive, New Albany, IN 47150"	"5"
"2063"	"13341"	"The Residence at North Ridge - AL - MC"	"Facility"	"5500 Boone Ave N, Minneapolis, MN 55428"	"6"
"1729"	"9682"	"Tradition Brooklyn Park - CLINICAL"	"Facility"	"8500 Tessman Farm Road, Minneapolis, MN 55445"	"6"
"1391"	"10614"	"Golden Pond - Maple Grove - IC"	"IC"	"12270 87Th Ave N, Maple Grove, MN 55369-3018"	"6"
"1641"	"9036"	"CAI - Lincoln Hills Health Center - RESIDENT"	"Facility"	"326 Country Club Drive, New Albany, IN 47150"	"5"
"1391"	"13335"	"Millers Landing Senior Living"	"Facility"	"155 South 5th Avenue, Minneapolis, MN 55401-2540"	"6"
"1641"	"9044"	"CAI - University Heights Health & Living - RESIDENT"	"Facility"	"1380 E County Line Road S, Indianapolis, IN 46227"	"9"
"1937"	"11823"	"Advanced Care House Calls"	"IC"	"9510 Ormsby Station Rd Ste 100, Louisville, KY 40223"	"5"
"1899"	"11532"	"VHVI Anticoagulation Clinic"	"IC"	"3841 Green Hills Village Dr Ste 3034, Nashville, TN 37215"	"5"
"1937"	"11823"	"Advanced Care House Calls"	"IC"	"9510 Ormsby Station Rd Ste 100, Louisville, KY 40223"	"5"
"1899"	"11532"	"VHVI Anticoagulation Clinic"	"IC"	"3841 Green Hills Village Dr Ste 3034, Nashville, TN 37215"	"5"
"1398"	"9157"	"GNAR - Clinical Blood"	"Facility"	"505 William Thomason BYU, Leitchfield, KY 42754"	"5"
"1937"	"11823"	"Advanced Care House Calls"	"IC"	"9510 Ormsby Station Rd Ste 100, Louisville, KY 40223"	"5"
"1134"	"3735"	"Riverside Care & Rehabilitation Center"	"Facility"	"190 Hwy 136 East, Calhoun, KY 42327"	"5"
"2052"	"13266"	"Pioneer Trace Group, LLC - SNF"	"Facility"	"115 Pioneer Trce, Flemingsburg, KY 41041, US"	"5"
"1954"	"12140"	"FHS - The Landings of Westerville"	"Facility"	"350 County Line Road, Westerville, Ohio 43082, US"	"13"
"1954"	"12140"	"FHS - The Landings of Westerville"	"Facility"	"350 County Line Road, Westerville, Ohio 43082, US"	"13"
"1954"	"12140"	"FHS - The Landings of Westerville"	"Facility"	"350 County Line Road, Westerville, Ohio 43082, US"	"13"
"1954"	"12140"	"FHS - The Landings of Westerville"	"Facility"	"350 County Line Road, Westerville, Ohio 43082, US"	"13"
"1954"	"12140"	"FHS - The Landings of Westerville"	"Facility"	"350 County Line Road, Westerville, Ohio 43082, US"	"13"
"1954"	"12140"	"FHS - The Landings of Westerville"	"Facility"	"350 County Line Road, Westerville, Ohio 43082, US"	"13"
"1954"	"12140"	"FHS - The Landings of Westerville"	"Facility"	"350 County Line Road, Westerville, Ohio 43082, US"	"13"
"1954"	"12140"	"FHS - The Landings of Westerville"	"Facility"	"350 County Line Road, Westerville, Ohio 43082, US"	"13"
"1954"	"12140"	"FHS - The Landings of Westerville"	"Facility"	"350 County Line Road, Westerville, Ohio 43082, US"	"13"
"1954"	"12140"	"FHS - The Landings of Westerville"	"Facility"	"350 County Line Road, Westerville, Ohio 43082, US"	"13"
"1954"	"12140"	"FHS - The Landings of Westerville"	"Facility"	"350 County Line Road, Westerville, Ohio 43082, US"	"13"
"1954"	"11986"	"FHS - Johnstown Pointe"	"Facility"	"383 W Coshocton St, Johnstown, OH 43031"	"13"
"1954"	"12140"	"FHS - The Landings of Westerville"	"Facility"	"350 County Line Road, Westerville, Ohio 43082, US"	"13"
"1954"	"12140"	"FHS - The Landings of Westerville"	"Facility"	"350 County Line Road, Westerville, Ohio 43082, US"	"13"
"1954"	"11985"	"FHS - Capri Gardens"	"Facility"	"6975 Graphics Way, Lewis Center, OH 43035"	"13"
"1954"	"12140"	"FHS - The Landings of Westerville"	"Facility"	"350 County Line Road, Westerville, Ohio 43082, US"	"13"
"1954"	"12140"	"FHS - The Landings of Westerville"	"Facility"	"350 County Line Road, Westerville, Ohio 43082, US"	"13"
"1954"	"12140"	"FHS - The Landings of Westerville"	"Facility"	"350 County Line Road, Westerville, Ohio 43082, US"	"13"
"1641"	"9028"	"CAI - Cumberland Trace - RESIDENT"	"Facility"	"1925 Reeves Road, Plainfield, IN 46168"	"9"
"1641"	"9028"	"CAI - Cumberland Trace - RESIDENT"	"Facility"	"1925 Reeves Road, Plainfield, IN 46168"	"9"
"1641"	"9028"	"CAI - Cumberland Trace - RESIDENT"	"Facility"	"1925 Reeves Road, Plainfield, IN 46168"	"9"
"1641"	"9028"	"CAI - Cumberland Trace - RESIDENT"	"Facility"	"1925 Reeves Road, Plainfield, IN 46168"	"9"
"1641"	"9028"	"CAI - Cumberland Trace - RESIDENT"	"Facility"	"1925 Reeves Road, Plainfield, IN 46168"	"9"
"1954"	"12140"	"FHS - The Landings of Westerville"	"Facility"	"350 County Line Road, Westerville, Ohio 43082, US"	"13"
"1954"	"12140"	"FHS - The Landings of Westerville"	"Facility"	"350 County Line Road, Westerville, Ohio 43082, US"	"13"
"1954"	"12140"	"FHS - The Landings of Westerville"	"Facility"	"350 County Line Road, Westerville, Ohio 43082, US"	"13"
"1954"	"12140"	"FHS - The Landings of Westerville"	"Facility"	"350 County Line Road, Westerville, Ohio 43082, US"	"13"
"1954"	"12140"	"FHS - The Landings of Westerville"	"Facility"	"350 County Line Road, Westerville, Ohio 43082, US"	"13"
"1641"	"9044"	"CAI - University Heights Health & Living - RESIDENT"	"Facility"	"1380 E County Line Road S, Indianapolis, IN 46227"	"9"
"1641"	"9044"	"CAI - University Heights Health & Living - RESIDENT"	"Facility"	"1380 E County Line Road S, Indianapolis, IN 46227"	"9"
"1954"	"11986"	"FHS - Johnstown Pointe"	"Facility"	"383 W Coshocton St, Johnstown, OH 43031"	"13"
"1735"	"12676"	"Eventus - North Carolina - Meadowview"	"Facility"	"250 NC HIGHWAY 210, SMITHFIELD, NC 27577-27577"	"8"
"1735"	"12603"	"Eventus - North Carolina - Heartfields"	"Facility"	"1050 CRESCENT GRN, CARY, NC 27518-27518"	"8"
"1735"	"12422"	"Eventus - North Carolina - Brookdale Chapel Hill MC"	"Facility"	"2230 FARMINGTON DR, CHAPEL HILL, NC 27517-27517"	"8"
"2004"	"12978"	"University Park Health & Rehab"	"Facility"	"1400 Medical Park Dr, Fort Wayne, IN 46825"	"9"
"2004"	"12978"	"University Park Health & Rehab"	"Facility"	"1400 Medical Park Dr, Fort Wayne, IN 46825"	"9"
"1735"	"12525"	"Eventus - North Carolina - Southwood"	"Facility"	"3150 BURKE MILL RD, WINSTON SALEM, NC 27103-27103"	"8"
"1641"	"9015"	"CAI - Aspen Trace Health & Living - RESIDENT"	"Facility"	"3154 South SR 135, Greenwood, IN 46143"	"9"
"1391"	"10681"	"Oak Park Place - Oak Creek"	"Facility"	"1980 W RAWSON AVE, OAK CREEK, WI 53154-1304"	"11"
"1641"	"9016"	"CAI - Aspen Trace Assisted Living - RESIDENT"	"Facility"	"3154 South SR 135, Greenwood, IN 46143"	"9"
"1139"	"3812"	"RPSL - Lexington"	"Facility"	"3195 Rio Dosa Dr, Lexington, KY 40509"	"5"
"1735"	"12704"	"Eventus - North Carolina - Oaks of Alamance"	"Facility"	"1670 WESTBROOK AVE, BURLINGTON, NC 27215-27215"	"8"
"1735"	"12574"	"Eventus - North Carolina - Gabriel Manor"	"Facility"	"84 JOHNSON ESTATE RD, CLAYTON, NC 27520-27520"	"8"
"1954"	"12007"	"FHS - Meadow Grove Transitional Care"	"Facility"	"5919 Blue Star Dr, Grove City, OH 43123"	"13"
"1391"	"13368"	"Lino Lakes Assisted Living"	"Facility"	"725 Town Center Parkway, Lino Lakes, MN 55014-1127"	"6"
"1735"	"12421"	"Eventus - North Carolina - Brookdale Chapel Hill AL"	"Facility"	"2220 FARMINGTON DR, CHAPEL HILL, NC 27517-27517"	"8"
"1735"	"12678"	"Eventus - North Carolina - Mebane Ridge AL"	"Facility"	"1999 S NC HIGHWAY 119, MEBANE, NC 27302-27302"	"8"
"1391"	"11376"	"Copperfield Hill"	"Facility"	"4020 Lakeland Ave N, Minneapolis, MN 55422-5800"	"6"
"1735"	"12421"	"Eventus - North Carolina - Brookdale Chapel Hill AL"	"Facility"	"2220 FARMINGTON DR, CHAPEL HILL, NC 27517-27517"	"8"
"2088"	"13440"	"Heyday Health - Ohio"	"IC"	"143 Boardman Canfield Rd, Ste 359, Boardman, OH 44512"	"13"
"1729"	"9896"	"Geneva Wild Pine - CLINICAL"	"Facility"	"2309 Wildwood Court, Burnsville, MN 55306"	"6"
"1641"	"9015"	"CAI - Aspen Trace Health & Living - RESIDENT"	"Facility"	"3154 South SR 135, Greenwood, IN 46143"	"9"
"1410"	"7215"	"SVA - Serenity Village - RESIDENTS"	"Facility"	"113 Serenity Ct, Avon, MN 56310"	"6"
"2078"	"13402"	"Optalis - Three Rivers"	"Facility"	"517 S Erie St, Three Rivers, MI 49093"	"9"
"1391"	"11376"	"Copperfield Hill"	"Facility"	"4020 Lakeland Ave N, Minneapolis, MN 55422-5800"	"6"
"1641"	"9036"	"CAI - Lincoln Hills Health Center - RESIDENT"	"Facility"	"326 Country Club Drive, New Albany, IN 47150"	"5"
"2088"	"13440"	"Heyday Health - Ohio"	"IC"	"143 Boardman Canfield Rd, Ste 359, Boardman, OH 44512"	"13"
"1937"	"11823"	"Advanced Care House Calls"	"IC"	"9510 Ormsby Station Rd Ste 100, Louisville, KY 40223"	"5"
"1641"	"9044"	"CAI - University Heights Health & Living - RESIDENT"	"Facility"	"1380 E County Line Road S, Indianapolis, IN 46227"	"9"
"1735"	"12457"	"Eventus - North Carolina - Brookdale South Park"	"Facility"	"5326 PARK RD, CHARLOTTE, NC 28209-28209"	"8"
"1391"	"10647"	"Centennial Inn"	"Facility"	"1628 N Main St, Oshkosh, WI 54901-2916"	"11"
"1735"	"12457"	"Eventus - North Carolina - Brookdale South Park"	"Facility"	"5326 PARK RD, CHARLOTTE, NC 28209-28209"	"8"
"1641"	"9044"	"CAI - University Heights Health & Living - RESIDENT"	"Facility"	"1380 E County Line Road S, Indianapolis, IN 46227"	"9"
"1735"	"12457"	"Eventus - North Carolina - Brookdale South Park"	"Facility"	"5326 PARK RD, CHARLOTTE, NC 28209-28209"	"8"
"1018"	"10396"	"DSL - Millersburg"	"Facility"	"4245 Glen Dr, Millersburg, OH 44654"	"13"
"1735"	"12457"	"Eventus - North Carolina - Brookdale South Park"	"Facility"	"5326 PARK RD, CHARLOTTE, NC 28209-28209"	"8"
"1937"	"11823"	"Advanced Care House Calls"	"IC"	"9510 Ormsby Station Rd Ste 100, Louisville, KY 40223"	"5"
"1729"	"9985"	"Stonebay of Orono - CLINICAL"	"Facility"	"2635 Kelley Parkway, Orono, MN 55356"	"6"
"1729"	"9985"	"Stonebay of Orono - CLINICAL"	"Facility"	"2635 Kelley Parkway, Orono, MN 55356"	"6"
"1641"	"9028"	"CAI - Cumberland Trace - RESIDENT"	"Facility"	"1925 Reeves Road, Plainfield, IN 46168"	"9"
"1954"	"11987"	"FHS - Tuscany Gardens"	"Facility"	"7400 Hazelton Etna Rd SW, Pataskala, OH 43062"	"13"
"1398"	"9157"	"GNAR - Clinical Blood"	"Facility"	"505 William Thomason BYU, Leitchfield, KY 42754"	"5"
"2004"	"13376"	"Chalet Rehabilitation & Healthcare Center"	"Facility"	"4851 Tincher Rd, Indianapolis, IN 46221"	"9"
"1954"	"12140"	"FHS - The Landings of Westerville"	"Facility"	"350 County Line Road, Westerville, Ohio 43082, US"	"13"
"1954"	"12140"	"FHS - The Landings of Westerville"	"Facility"	"350 County Line Road, Westerville, Ohio 43082, US"	"13"
"1954"	"12140"	"FHS - The Landings of Westerville"	"Facility"	"350 County Line Road, Westerville, Ohio 43082, US"	"13"
"1954"	"11985"	"FHS - Capri Gardens"	"Facility"	"6975 Graphics Way, Lewis Center, OH 43035"	"13"
"2052"	"13266"	"Pioneer Trace Group, LLC - SNF"	"Facility"	"115 Pioneer Trce, Flemingsburg, KY 41041, US"	"5"
"2052"	"13266"	"Pioneer Trace Group, LLC - SNF"	"Facility"	"115 Pioneer Trce, Flemingsburg, KY 41041, US"	"5"
"1735"	"12386"	"Eventus - North Carolina - Atria Southpoint Walk AL"	"Facility"	"5705 FAYETTEVILLE RD, DURHAM, NC 27713-27713"	"8"
"1735"	"12444"	"Eventus - North Carolina - Brookdale New Hope"	"Facility"	"1680 S NEW HOPE RD, GASTONIA, NC 28054-28054"	"8"
"1735"	"12565"	"Eventus - North Carolina - Franklin Manor"	"Facility"	"100 SUNSET DR, YOUNGSVILLE, NC 27596-27596"	"8"
"1735"	"12776"	"Eventus - North Carolina - Somerset Court at University Place"	"Facility"	"1635 E 5TH ST, WINSTON SALEM, NC 27101-27101"	"8"
"1735"	"12465"	"Eventus - North Carolina - Brookstone of Clemmons"	"Facility"	"4430 CLINARD RD, CLEMMONS, NC 27012-27012"	"8"
"1735"	"12806"	"Eventus - North Carolina - Sunrise of Raleigh"	"Facility"	"4801 EDWARDS MILL RD, RALEIGH, NC 27612-27612"	"8"
"1735"	"12432"	"Eventus - North Carolina - Brookdale Forest City"	"Facility"	"493 PINEY RIDGE RD, FOREST CITY, NC 28043-28043"	"8"
"1398"	"9157"	"GNAR - Clinical Blood"	"Facility"	"505 William Thomason BYU, Leitchfield, KY 42754"	"5"
"1398"	"9157"	"GNAR - Clinical Blood"	"Facility"	"505 William Thomason BYU, Leitchfield, KY 42754"	"5"
"1391"	"11672"	"Broadwell Senior Living"	"Facility"	"3025 Harbor Ln N, Plymouth, MN 55447"	"6"
"1641"	"9036"	"CAI - Lincoln Hills Health Center - RESIDENT"	"Facility"	"326 Country Club Drive, New Albany, IN 47150"	"5"
"1641"	"9036"	"CAI - Lincoln Hills Health Center - RESIDENT"	"Facility"	"326 Country Club Drive, New Albany, IN 47150"	"5"
"1735"	"12686"	"Eventus - North Carolina - Morningside of Gastonia"	"Facility"	"2755 UNION RD, GASTONIA, NC 28054-28054"	"8"
"1729"	"9676"	"Benedictine of Anoka - CLINICAL"	"Facility"	"910 Western St, Anoka, MN 55303"	"6"
"1899"	"11532"	"VHVI Anticoagulation Clinic"	"IC"	"3841 Green Hills Village Dr Ste 3034, Nashville, TN 37215"	"5"
"1391"	"10734"	"Alten Haus - Traditions"	"Facility"	"1091 Jacobsen Rd, Neenah, WI 54956-1323"	"11"
"1641"	"9036"	"CAI - Lincoln Hills Health Center - RESIDENT"	"Facility"	"326 Country Club Drive, New Albany, IN 47150"	"5"
"1641"	"9036"	"CAI - Lincoln Hills Health Center - RESIDENT"	"Facility"	"326 Country Club Drive, New Albany, IN 47150"	"5"
"1729"	"9972"	"Sholom Home Menorah Plaza - CLINICAL"	"Facility"	"4925 Minnetonka Blvd, Minneapolis, MN 55416"	"6"
"1937"	"11823"	"Advanced Care House Calls"	"IC"	"9510 Ormsby Station Rd Ste 100, Louisville, KY 40223"	"5"
"2004"	"13387"	"Beaumont Rehabilitation and Healthcare"	"Facility"	"1345 N Madison Ave, Anderson, IN 46011"	"9"
"1391"	"12274"	"The Lodges of Eden Prairie - IC"	"IC"	"8751 Preserve Blvd, Eden Prairie, MN 55344"	"6"
"1937"	"11823"	"Advanced Care House Calls"	"IC"	"9510 Ormsby Station Rd Ste 100, Louisville, KY 40223"	"5"
"1735"	"12465"	"Eventus - North Carolina - Brookstone of Clemmons"	"Facility"	"4430 CLINARD RD, CLEMMONS, NC 27012-27012"	"8"
"1257"	"10993"	"VFM - Versailles Family Medicine - Mobile Labs"	"IC"	"460 Wilson Ave, Versailles, KY 40383"	"5"
"1735"	"12460"	"Eventus - North Carolina - Brookdale Wake Forest"	"Facility"	"611 BROOKS ST, WAKE FOREST, NC 27587-27587"	"8"
"1132"	"3719"	"LM - Oshkosh"	"Facility"	"711 Bay Shore Dr, Oshkosh, WI 54901"	"11"
"1132"	"3719"	"LM - Oshkosh"	"Facility"	"711 Bay Shore Dr, Oshkosh, WI 54901"	"11"
"1735"	"12460"	"Eventus - North Carolina - Brookdale Wake Forest"	"Facility"	"611 BROOKS ST, WAKE FOREST, NC 27587-27587"	"8"
"1899"	"11532"	"VHVI Anticoagulation Clinic"	"IC"	"3841 Green Hills Village Dr Ste 3034, Nashville, TN 37215"	"5"
"1735"	"12492"	"Eventus - North Carolina - Carriage House AL"	"Facility"	"3896 N ELM ST, GREENSBORO, NC 27455-27455"	"8"
"1735"	"12806"	"Eventus - North Carolina - Sunrise of Raleigh"	"Facility"	"4801 EDWARDS MILL RD, RALEIGH, NC 27612-27612"	"8"
"1735"	"12386"	"Eventus - North Carolina - Atria Southpoint Walk AL"	"Facility"	"5705 FAYETTEVILLE RD, DURHAM, NC 27713-27713"	"8"
"1735"	"12457"	"Eventus - North Carolina - Brookdale South Park"	"Facility"	"5326 PARK RD, CHARLOTTE, NC 28209-28209"	"8"
"2063"	"13341"	"The Residence at North Ridge - AL - MC"	"Facility"	"5500 Boone Ave N, Minneapolis, MN 55428"	"6"
"1735"	"12460"	"Eventus - North Carolina - Brookdale Wake Forest"	"Facility"	"611 BROOKS ST, WAKE FOREST, NC 27587-27587"	"8"
"1954"	"11987"	"FHS - Tuscany Gardens"	"Facility"	"7400 Hazelton Etna Rd SW, Pataskala, OH 43062"	"13"
"1735"	"12493"	"Eventus - North Carolina - Carriage House MC"	"Facility"	"3896 N ELM ST, GREENSBORO, NC 27455-27455"	"8"
"1729"	"9683"	"Waterford Manor - CLINICAL"	"Facility"	"6288 Louisiana Ct, Brooklyn Park, MN 55428"	"6"
"1735"	"12440"	"Eventus - North Carolina - Brookdale MacArthur Park"	"Facility"	"111 MACARTHUR DR, CARY, NC 27513-27513"	"8"
"1729"	"9995"	"The Glenn Hopkins - CLINICAL"	"Facility"	"1011 Feltl Ct, Hopkins, MN 55343"	"6"
"1937"	"11823"	"Advanced Care House Calls"	"IC"	"9510 Ormsby Station Rd Ste 100, Louisville, KY 40223"	"5"
"1937"	"11823"	"Advanced Care House Calls"	"IC"	"9510 Ormsby Station Rd Ste 100, Louisville, KY 40223"	"5"
"1735"	"12782"	"Eventus - North Carolina - Spring Arbor of Cary AL"	"Facility"	"1705 KILDAIRE FARM RD, CARY, NC 27511-27511"	"8"
"1937"	"11823"	"Advanced Care House Calls"	"IC"	"9510 Ormsby Station Rd Ste 100, Louisville, KY 40223"	"5"
"2088"	"13440"	"Heyday Health - Ohio"	"IC"	"143 Boardman Canfield Rd, Ste 359, Boardman, OH 44512"	"13"
"1937"	"11823"	"Advanced Care House Calls"	"IC"	"9510 Ormsby Station Rd Ste 100, Louisville, KY 40223"	"5"
"1735"	"12432"	"Eventus - North Carolina - Brookdale Forest City"	"Facility"	"493 PINEY RIDGE RD, FOREST CITY, NC 28043-28043"	"8"
"2063"	"13341"	"The Residence at North Ridge - AL - MC"	"Facility"	"5500 Boone Ave N, Minneapolis, MN 55428"	"6"
"1937"	"11823"	"Advanced Care House Calls"	"IC"	"9510 Ormsby Station Rd Ste 100, Louisville, KY 40223"	"5"
"1641"	"9028"	"CAI - Cumberland Trace - RESIDENT"	"Facility"	"1925 Reeves Road, Plainfield, IN 46168"	"9"
"1944"	"11892"	"VNA Health @ Home"	"IC"	"2464 Fortune Dr, Lexington, KY 40509"	"5"
"1937"	"11823"	"Advanced Care House Calls"	"IC"	"9510 Ormsby Station Rd Ste 100, Louisville, KY 40223"	"5"
"1412"	"7219"	"CAL - Cherrywood Advanced Living - Richmond"	"Facility"	"150 Barry Ave NW, Richmond, MN 56368"	"6"
"1641"	"9028"	"CAI - Cumberland Trace - RESIDENT"	"Facility"	"1925 Reeves Road, Plainfield, IN 46168"	"9"
"1735"	"12686"	"Eventus - North Carolina - Morningside of Gastonia"	"Facility"	"2755 UNION RD, GASTONIA, NC 28054-28054"	"8"
"2078"	"13402"	"Optalis - Three Rivers"	"Facility"	"517 S Erie St, Three Rivers, MI 49093"	"9"
"1735"	"12686"	"Eventus - North Carolina - Morningside of Gastonia"	"Facility"	"2755 UNION RD, GASTONIA, NC 28054-28054"	"8"
"1735"	"12686"	"Eventus - North Carolina - Morningside of Gastonia"	"Facility"	"2755 UNION RD, GASTONIA, NC 28054-28054"	"8"
"1288"	"11666"	"CHNR - CLINICAL - RESIDENTS"	"Facility"	"124 W Nashville St, Pembroke, KY 42266"	"5"
"1735"	"12686"	"Eventus - North Carolina - Morningside of Gastonia"	"Facility"	"2755 UNION RD, GASTONIA, NC 28054-28054"	"8"
"2004"	"13414"	"Waldron Rehab and Healthcare Center"	"Facility"	"505 N Main St, Waldron, IN 46182"	"9"
"1288"	"11666"	"CHNR - CLINICAL - RESIDENTS"	"Facility"	"124 W Nashville St, Pembroke, KY 42266"	"5"
"1937"	"11823"	"Advanced Care House Calls"	"IC"	"9510 Ormsby Station Rd Ste 100, Louisville, KY 40223"	"5"
"1288"	"11666"	"CHNR - CLINICAL - RESIDENTS"	"Facility"	"124 W Nashville St, Pembroke, KY 42266"	"5"
"1937"	"11823"	"Advanced Care House Calls"	"IC"	"9510 Ormsby Station Rd Ste 100, Louisville, KY 40223"	"5"
"1391"	"13368"	"Lino Lakes Assisted Living"	"Facility"	"725 Town Center Parkway, Lino Lakes, MN 55014-1127"	"6"
"1288"	"11666"	"CHNR - CLINICAL - RESIDENTS"	"Facility"	"124 W Nashville St, Pembroke, KY 42266"	"5"
"1641"	"9028"	"CAI - Cumberland Trace - RESIDENT"	"Facility"	"1925 Reeves Road, Plainfield, IN 46168"	"9"
"1735"	"12686"	"Eventus - North Carolina - Morningside of Gastonia"	"Facility"	"2755 UNION RD, GASTONIA, NC 28054-28054"	"8"
"1641"	"9028"	"CAI - Cumberland Trace - RESIDENT"	"Facility"	"1925 Reeves Road, Plainfield, IN 46168"	"9"
"1735"	"12686"	"Eventus - North Carolina - Morningside of Gastonia"	"Facility"	"2755 UNION RD, GASTONIA, NC 28054-28054"	"8"
"1729"	"9681"	"The Rivers - CLINICAL"	"Facility"	"11111 River Hills Dr, Burnsville, MN 55337"	"6"
"2004"	"13414"	"Waldron Rehab and Healthcare Center"	"Facility"	"505 N Main St, Waldron, IN 46182"	"9"
"1391"	"12953"	"REM - 65th - IC "	"IC"	"6816 65th Ave N, Brooklyn Park, MN 55428-2513"	"6"
"1139"	"3812"	"RPSL - Lexington"	"Facility"	"3195 Rio Dosa Dr, Lexington, KY 40509"	"5"
"1391"	"13368"	"Lino Lakes Assisted Living"	"Facility"	"725 Town Center Parkway, Lino Lakes, MN 55014-1127"	"6"
"1285"	"6693"	"BNR - RESIDENTS"	"Facility"	"814 Old Ekron Rd, Brandenburg, KY 40108"	"5"
"1285"	"6693"	"BNR - RESIDENTS"	"Facility"	"814 Old Ekron Rd, Brandenburg, KY 40108"	"5"
"1735"	"12421"	"Eventus - North Carolina - Brookdale Chapel Hill AL"	"Facility"	"2220 FARMINGTON DR, CHAPEL HILL, NC 27517-27517"	"8"
"1391"	"11189"	"Oakwood Manor"	"Facility"	"2675 Omro Rd, Oshkosh, WI 54904-7717"	"11"
"1735"	"12676"	"Eventus - North Carolina - Meadowview"	"Facility"	"250 NC HIGHWAY 210, SMITHFIELD, NC 27577-27577"	"8"
"1735"	"12401"	"Eventus - North Carolina - Blakey Hall MC"	"Facility"	"501 BLAKEY HALL LN, ELON, NC 27244-27244"	"8"
"1735"	"12446"	"Eventus - North Carolina - Brookdale Northwest Greensboro"	"Facility"	"5809 OLD OAK RIDGE RD, GREENSBORO, NC 27410-27410"	"8"
"1899"	"11532"	"VHVI Anticoagulation Clinic"	"IC"	"3841 Green Hills Village Dr Ste 3034, Nashville, TN 37215"	"5"
"1391"	"13368"	"Lino Lakes Assisted Living"	"Facility"	"725 Town Center Parkway, Lino Lakes, MN 55014-1127"	"6"
"1391"	"10594"	"Azura Memory Care Of Oshkosh"	"Facility"	"2220 Brookview Ct, Oshkosh, WI 54904-7835"	"11"
"1937"	"11823"	"Advanced Care House Calls"	"IC"	"9510 Ormsby Station Rd Ste 100, Louisville, KY 40223"	"5"
"1391"	"13368"	"Lino Lakes Assisted Living"	"Facility"	"725 Town Center Parkway, Lino Lakes, MN 55014-1127"	"6"
"1391"	"10594"	"Azura Memory Care Of Oshkosh"	"Facility"	"2220 Brookview Ct, Oshkosh, WI 54904-7835"	"11"
"1391"	"13068"	"NorBella Senior Living - Centerville "	"Facility"	"2025 Michaud Way, Centerville, MN 55038-4735"	"6"
"1937"	"11823"	"Advanced Care House Calls"	"IC"	"9510 Ormsby Station Rd Ste 100, Louisville, KY 40223"	"5"
"1391"	"11918"	"Stoney River Ramsey"	"Facility"	"14401 Nowthen Blvd. Nw, ANOKA, MN 55303"	"6"
"1391"	"10588"	"REM - Pony - IC"	"IC"	"103 Pony Lane W, Apple Valley, MN 55124"	"6"
"1391"	"11918"	"Stoney River Ramsey"	"Facility"	"14401 Nowthen Blvd. Nw, ANOKA, MN 55303"	"6"
"1735"	"12446"	"Eventus - North Carolina - Brookdale Northwest Greensboro"	"Facility"	"5809 OLD OAK RIDGE RD, GREENSBORO, NC 27410-27410"	"8"
"1735"	"12676"	"Eventus - North Carolina - Meadowview"	"Facility"	"250 NC HIGHWAY 210, SMITHFIELD, NC 27577-27577"	"8"
"1391"	"11918"	"Stoney River Ramsey"	"Facility"	"14401 Nowthen Blvd. Nw, ANOKA, MN 55303"	"6"
"1391"	"11918"	"Stoney River Ramsey"	"Facility"	"14401 Nowthen Blvd. Nw, ANOKA, MN 55303"	"6"
"1954"	"11987"	"FHS - Tuscany Gardens"	"Facility"	"7400 Hazelton Etna Rd SW, Pataskala, OH 43062"	"13"
"1735"	"12781"	"Eventus - North Carolina - Spring Arbor of Apex"	"Facility"	"901 SPRING ARBOR CT, APEX, NC 27502-27502"	"8"
"1735"	"12563"	"Eventus - North Carolina - Forest Heights"	"Facility"	"2500 POLO RIDGE CT, WINSTON SALEM, NC 27106-27106"	"8"
"1735"	"12781"	"Eventus - North Carolina - Spring Arbor of Apex"	"Facility"	"901 SPRING ARBOR CT, APEX, NC 27502-27502"	"8"
"1391"	"11918"	"Stoney River Ramsey"	"Facility"	"14401 Nowthen Blvd. Nw, ANOKA, MN 55303"	"6"
"1735"	"12582"	"Eventus - North Carolina - Golden Years Assisted Living"	"Facility"	"205 E 6TH ST, BURLINGTON, NC 27215-27215"	"8"
"1735"	"12582"	"Eventus - North Carolina - Golden Years Assisted Living"	"Facility"	"205 E 6TH ST, BURLINGTON, NC 27215-27215"	"8"
"1735"	"12565"	"Eventus - North Carolina - Franklin Manor"	"Facility"	"100 SUNSET DR, YOUNGSVILLE, NC 27596-27596"	"8"
"1735"	"12565"	"Eventus - North Carolina - Franklin Manor"	"Facility"	"100 SUNSET DR, YOUNGSVILLE, NC 27596-27596"	"8"
"1970"	"12098"	"Evergreen Village at Bloomington"	"Facility"	"3607 Heirloom Dr, Bloomington, IN 47401"	"9"
"2063"	"13341"	"The Residence at North Ridge - AL - MC"	"Facility"	"5500 Boone Ave N, Minneapolis, MN 55428"	"6"
"1937"	"11823"	"Advanced Care House Calls"	"IC"	"9510 Ormsby Station Rd Ste 100, Louisville, KY 40223"	"5"
"1735"	"12582"	"Eventus - North Carolina - Golden Years Assisted Living"	"Facility"	"205 E 6TH ST, BURLINGTON, NC 27215-27215"	"8"
"1398"	"9157"	"GNAR - Clinical Blood"	"Facility"	"505 William Thomason BYU, Leitchfield, KY 42754"	"5"
"1735"	"12676"	"Eventus - North Carolina - Meadowview"	"Facility"	"250 NC HIGHWAY 210, SMITHFIELD, NC 27577-27577"	"8"
"1735"	"12806"	"Eventus - North Carolina - Sunrise of Raleigh"	"Facility"	"4801 EDWARDS MILL RD, RALEIGH, NC 27612-27612"	"8"
"1660"	"9342"	"WLND - Willows Landing"	"Facility"	"9872 Hart Blvd, Monticello, MN 55362"	"6"
"1660"	"9342"	"WLND - Willows Landing"	"Facility"	"9872 Hart Blvd, Monticello, MN 55362"	"6"
"1937"	"11823"	"Advanced Care House Calls"	"IC"	"9510 Ormsby Station Rd Ste 100, Louisville, KY 40223"	"5"
"1391"	"12275"	"Beehive Homes of Maple Grove"	"Facility"	"14901 Weaver Lake Road, Maple Grove, MN 55311"	"6"
"1735"	"12603"	"Eventus - North Carolina - Heartfields"	"Facility"	"1050 CRESCENT GRN, CARY, NC 27518-27518"	"8"
"1937"	"11823"	"Advanced Care House Calls"	"IC"	"9510 Ormsby Station Rd Ste 100, Louisville, KY 40223"	"5"
"1937"	"11823"	"Advanced Care House Calls"	"IC"	"9510 Ormsby Station Rd Ste 100, Louisville, KY 40223"	"5"
"1937"	"11823"	"Advanced Care House Calls"	"IC"	"9510 Ormsby Station Rd Ste 100, Louisville, KY 40223"	"5"
"1954"	"12007"	"FHS - Meadow Grove Transitional Care"	"Facility"	"5919 Blue Star Dr, Grove City, OH 43123"	"13"
"1888"	"11443"	"Tower View Assisted Living"	"Facility"	"401 N Grant St, Rosendale, WI 54974"	"11"
"1899"	"11532"	"VHVI Anticoagulation Clinic"	"IC"	"3841 Green Hills Village Dr Ste 3034, Nashville, TN 37215"	"5"
"1899"	"11532"	"VHVI Anticoagulation Clinic"	"IC"	"3841 Green Hills Village Dr Ste 3034, Nashville, TN 37215"	"5"
"1134"	"3732"	"Morgantown Care & Rehabilitation Center"	"Facility"	"201 South Warren Street   , Morgantown, KY 42261, US"	"5"
"1641"	"9044"	"CAI - University Heights Health & Living - RESIDENT"	"Facility"	"1380 E County Line Road S, Indianapolis, IN 46227"	"9"
"1407"	"7208"	"SOG - Shepherd of Grace"	"Facility"	"11175 27th Ave SE, Becker, MN 55308"	"6"
"1735"	"13242"	"Eventus - Kentucky - Colonial House of Shepherdsville"	"Facility"	"1516 KY-44, Shepherdsville, KY 40165, US"	"5"
"1735"	"12686"	"Eventus - North Carolina - Morningside of Gastonia"	"Facility"	"2755 UNION RD, GASTONIA, NC 28054-28054"	"8"
"1735"	"12440"	"Eventus - North Carolina - Brookdale MacArthur Park"	"Facility"	"111 MACARTHUR DR, CARY, NC 27513-27513"	"8"
"1735"	"12676"	"Eventus - North Carolina - Meadowview"	"Facility"	"250 NC HIGHWAY 210, SMITHFIELD, NC 27577-27577"	"8"
"1937"	"11823"	"Advanced Care House Calls"	"IC"	"9510 Ormsby Station Rd Ste 100, Louisville, KY 40223"	"5"
"1735"	"12676"	"Eventus - North Carolina - Meadowview"	"Facility"	"250 NC HIGHWAY 210, SMITHFIELD, NC 27577-27577"	"8"
"1899"	"11532"	"VHVI Anticoagulation Clinic"	"IC"	"3841 Green Hills Village Dr Ste 3034, Nashville, TN 37215"	"5"
"1735"	"12440"	"Eventus - North Carolina - Brookdale MacArthur Park"	"Facility"	"111 MACARTHUR DR, CARY, NC 27513-27513"	"8"
"1735"	"12676"	"Eventus - North Carolina - Meadowview"	"Facility"	"250 NC HIGHWAY 210, SMITHFIELD, NC 27577-27577"	"8"
"1735"	"12603"	"Eventus - North Carolina - Heartfields"	"Facility"	"1050 CRESCENT GRN, CARY, NC 27518-27518"	"8"
"1391"	"11953"	"Oak Ridge Place Senior Living"	"Facility"	"6060 OXBORO AVE N, STILLWATER, MN 55082-6123"	"6"
"2088"	"13440"	"Heyday Health - Ohio"	"IC"	"143 Boardman Canfield Rd, Ste 359, Boardman, OH 44512"	"13"
"1670"	"12968"	"Five Star Senior Living - Ft. Wayne"	"Facility"	"2601 Covington Commons Dr Ofc, Fort Wayne, IN 46804"	"9"
"1670"	"12968"	"Five Star Senior Living - Ft. Wayne"	"Facility"	"2601 Covington Commons Dr Ofc, Fort Wayne, IN 46804"	"9"
"1391"	"10690"	"Matthews Of Neenah Assisted Living"	"Facility"	"990 W American Dr, Neenah, WI 54956-1886"	"11"
"1391"	"11847"	"Cornerstone Assisted Living Of Plymouth"	"Facility"	"3750 Lawndale Ln N, Plymouth, MN 55446-2967"	"6"
"1729"	"9671"	"New Perspective Faribault - CLINICAL"	"Facility"	"828 1st St NE, Faribault, MN 55021"	"6"
"1947"	"11915"	"Fern Terrace of Owensboro"	"Facility"	"45 Woodford Ave, Owensboro, KY 42301"	"5"
"1959"	"12014"	"Baptist Health Lexington - Anticoagulation Clinic"	"IC"	"1720 Nicholasville Rd, Lexington, KY 40503"	"5"
"1641"	"9036"	"CAI - Lincoln Hills Health Center - RESIDENT"	"Facility"	"326 Country Club Drive, New Albany, IN 47150"	"5"
"1391"	"11953"	"Oak Ridge Place Senior Living"	"Facility"	"6060 OXBORO AVE N, STILLWATER, MN 55082-6123"	"6"
"1391"	"11918"	"Stoney River Ramsey"	"Facility"	"14401 Nowthen Blvd. Nw, ANOKA, MN 55303"	"6"
"1899"	"11532"	"VHVI Anticoagulation Clinic"	"IC"	"3841 Green Hills Village Dr Ste 3034, Nashville, TN 37215"	"5"
"1391"	"13368"	"Lino Lakes Assisted Living"	"Facility"	"725 Town Center Parkway, Lino Lakes, MN 55014-1127"	"6"
"1729"	"11912"	"Living Hope Audrey's Place AL - CLINICAL"	"Facility"	"5641 Babcock Trl, Inver Grove Heights, MN 55077"	"6"
"1735"	"12806"	"Eventus - North Carolina - Sunrise of Raleigh"	"Facility"	"4801 EDWARDS MILL RD, RALEIGH, NC 27612-27612"	"8"
"1735"	"12806"	"Eventus - North Carolina - Sunrise of Raleigh"	"Facility"	"4801 EDWARDS MILL RD, RALEIGH, NC 27612-27612"	"8"
"1391"	"11249"	"Care Partners Fox Crossing"	"Facility"	"1750 Irish Road, NEENAH, WI 54956"	"11"
"1391"	"13368"	"Lino Lakes Assisted Living"	"Facility"	"725 Town Center Parkway, Lino Lakes, MN 55014-1127"	"6"
"1899"	"11532"	"VHVI Anticoagulation Clinic"	"IC"	"3841 Green Hills Village Dr Ste 3034, Nashville, TN 37215"	"5"
"1735"	"12806"	"Eventus - North Carolina - Sunrise of Raleigh"	"Facility"	"4801 EDWARDS MILL RD, RALEIGH, NC 27612-27612"	"8"
"1954"	"11996"	"FHS - Trueman Pointe Care Center"	"Facility"	"4660 Trueman Blvd, Hilliard, OH 43026"	"13"
"1899"	"11532"	"VHVI Anticoagulation Clinic"	"IC"	"3841 Green Hills Village Dr Ste 3034, Nashville, TN 37215"	"5"
"1954"	"11996"	"FHS - Trueman Pointe Care Center"	"Facility"	"4660 Trueman Blvd, Hilliard, OH 43026"	"13"
"1937"	"11823"	"Advanced Care House Calls"	"IC"	"9510 Ormsby Station Rd Ste 100, Louisville, KY 40223"	"5"
"1735"	"12806"	"Eventus - North Carolina - Sunrise of Raleigh"	"Facility"	"4801 EDWARDS MILL RD, RALEIGH, NC 27612-27612"	"8"
"1729"	"9929"	"Mill City Faribault AL - CLINICAL"	"Facility"	"1520 17th St NW, Fairbault, MN 55021"	"6"
"1641"	"9044"	"CAI - University Heights Health & Living - RESIDENT"	"Facility"	"1380 E County Line Road S, Indianapolis, IN 46227"	"9"
"1391"	"11249"	"Care Partners Fox Crossing"	"Facility"	"1750 Irish Road, NEENAH, WI 54956"	"11"
"1735"	"12678"	"Eventus - North Carolina - Mebane Ridge AL"	"Facility"	"1999 S NC HIGHWAY 119, MEBANE, NC 27302-27302"	"8"
"1899"	"11532"	"VHVI Anticoagulation Clinic"	"IC"	"3841 Green Hills Village Dr Ste 3034, Nashville, TN 37215"	"5"
"1391"	"10622"	"Emerald Ridge Assisted Living"	"Facility"	"130 Byrd Ave, Neenah, WI 54956-4079"	"11"
"1391"	"11847"	"Cornerstone Assisted Living Of Plymouth"	"Facility"	"3750 Lawndale Ln N, Plymouth, MN 55446-2967"	"6"
"1641"	"9044"	"CAI - University Heights Health & Living - RESIDENT"	"Facility"	"1380 E County Line Road S, Indianapolis, IN 46227"	"9"
"1641"	"9029"	"CAI - Cumberland Trace Assisted Living - RESIDENT"	"Facility"	"1925 Reeves Road, Plainfield, IN 46168"	"9"
"1879"	"11349"	"Maplecrest Manor"	"Facility"	"150 N Douglas St, Ripon, WI 54971"	"11"
"1879"	"11349"	"Maplecrest Manor"	"Facility"	"150 N Douglas St, Ripon, WI 54971"	"11"
"1391"	"11249"	"Care Partners Fox Crossing"	"Facility"	"1750 Irish Road, NEENAH, WI 54956"	"11"
"1879"	"11349"	"Maplecrest Manor"	"Facility"	"150 N Douglas St, Ripon, WI 54971"	"11"
"1735"	"12686"	"Eventus - North Carolina - Morningside of Gastonia"	"Facility"	"2755 UNION RD, GASTONIA, NC 28054-28054"	"8"
"1937"	"11823"	"Advanced Care House Calls"	"IC"	"9510 Ormsby Station Rd Ste 100, Louisville, KY 40223"	"5"
"1899"	"11532"	"VHVI Anticoagulation Clinic"	"IC"	"3841 Green Hills Village Dr Ste 3034, Nashville, TN 37215"	"5"
"1641"	"9028"	"CAI - Cumberland Trace - RESIDENT"	"Facility"	"1925 Reeves Road, Plainfield, IN 46168"	"9"
"1937"	"11823"	"Advanced Care House Calls"	"IC"	"9510 Ormsby Station Rd Ste 100, Louisville, KY 40223"	"5"
"2058"	"13310"	"Majestic Care of Goshen"	"Facility"	"2400 College Ave, Goshen, IN 46528"	"9"
"1954"	"11995"	"FHS - Darby Glenn"	"Facility"	"4787 Tremont Club Dr, Hilliard, OH 43026"	"13"
"1735"	"12460"	"Eventus - North Carolina - Brookdale Wake Forest"	"Facility"	"611 BROOKS ST, WAKE FOREST, NC 27587-27587"	"8"
"1391"	"11672"	"Broadwell Senior Living"	"Facility"	"3025 Harbor Ln N, Plymouth, MN 55447"	"6"
"1735"	"12676"	"Eventus - North Carolina - Meadowview"	"Facility"	"250 NC HIGHWAY 210, SMITHFIELD, NC 27577-27577"	"8"
"1899"	"11532"	"VHVI Anticoagulation Clinic"	"IC"	"3841 Green Hills Village Dr Ste 3034, Nashville, TN 37215"	"5"
"1391"	"12275"	"Beehive Homes of Maple Grove"	"Facility"	"14901 Weaver Lake Road, Maple Grove, MN 55311"	"6"
"1139"	"3812"	"RPSL - Lexington"	"Facility"	"3195 Rio Dosa Dr, Lexington, KY 40509"	"5"
"2088"	"13440"	"Heyday Health - Ohio"	"IC"	"143 Boardman Canfield Rd, Ste 359, Boardman, OH 44512"	"13"
"2063"	"13341"	"The Residence at North Ridge - AL - MC"	"Facility"	"5500 Boone Ave N, Minneapolis, MN 55428"	"6"
"2063"	"13341"	"The Residence at North Ridge - AL - MC"	"Facility"	"5500 Boone Ave N, Minneapolis, MN 55428"	"6"
"1391"	"11953"	"Oak Ridge Place Senior Living"	"Facility"	"6060 OXBORO AVE N, STILLWATER, MN 55082-6123"	"6"
"2026"	"13033"	"Kendallville Manor"	"Facility"	"1802 Dowling St, Kendallville, IN 46755"	"9"
"2063"	"13341"	"The Residence at North Ridge - AL - MC"	"Facility"	"5500 Boone Ave N, Minneapolis, MN 55428"	"6"
"1391"	"11953"	"Oak Ridge Place Senior Living"	"Facility"	"6060 OXBORO AVE N, STILLWATER, MN 55082-6123"	"6"
"1391"	"10681"	"Oak Park Place - Oak Creek"	"Facility"	"1980 W RAWSON AVE, OAK CREEK, WI 53154-1304"	"11"
"1735"	"12465"	"Eventus - North Carolina - Brookstone of Clemmons"	"Facility"	"4430 CLINARD RD, CLEMMONS, NC 27012-27012"	"8"
"2041"	"13098"	"Cedarhurst of Nicholasville"	"Facility"	"1600 Nicholasville Byp, Nicholasville, KY 40356-2639, US"	"5"
"1735"	"12465"	"Eventus - North Carolina - Brookstone of Clemmons"	"Facility"	"4430 CLINARD RD, CLEMMONS, NC 27012-27012"	"8"
"2041"	"13098"	"Cedarhurst of Nicholasville"	"Facility"	"1600 Nicholasville Byp, Nicholasville, KY 40356-2639, US"	"5"
"2063"	"13341"	"The Residence at North Ridge - AL - MC"	"Facility"	"5500 Boone Ave N, Minneapolis, MN 55428"	"6"
"1937"	"11823"	"Advanced Care House Calls"	"IC"	"9510 Ormsby Station Rd Ste 100, Louisville, KY 40223"	"5"
"1391"	"13335"	"Millers Landing Senior Living"	"Facility"	"155 South 5th Avenue, Minneapolis, MN 55401-2540"	"6"
"1937"	"11823"	"Advanced Care House Calls"	"IC"	"9510 Ormsby Station Rd Ste 100, Louisville, KY 40223"	"5"
"1937"	"11823"	"Advanced Care House Calls"	"IC"	"9510 Ormsby Station Rd Ste 100, Louisville, KY 40223"	"5"
"1937"	"11823"	"Advanced Care House Calls"	"IC"	"9510 Ormsby Station Rd Ste 100, Louisville, KY 40223"	"5"
"2063"	"13341"	"The Residence at North Ridge - AL - MC"	"Facility"	"5500 Boone Ave N, Minneapolis, MN 55428"	"6"
"1899"	"11532"	"VHVI Anticoagulation Clinic"	"IC"	"3841 Green Hills Village Dr Ste 3034, Nashville, TN 37215"	"5"
"1398"	"9157"	"GNAR - Clinical Blood"	"Facility"	"505 William Thomason BYU, Leitchfield, KY 42754"	"5"
"2063"	"13341"	"The Residence at North Ridge - AL - MC"	"Facility"	"5500 Boone Ave N, Minneapolis, MN 55428"	"6"
"1933"	"11795"	"Pioneer Physicians Network"	"IC"	"3515 Massillon Rd, Uniontown, OH 44685"	"13"
"1641"	"9036"	"CAI - Lincoln Hills Health Center - RESIDENT"	"Facility"	"326 Country Club Drive, New Albany, IN 47150"	"5"
"1735"	"12806"	"Eventus - North Carolina - Sunrise of Raleigh"	"Facility"	"4801 EDWARDS MILL RD, RALEIGH, NC 27612-27612"	"8"
"1735"	"12357"	"Eventus - North Carolina - Abbotswood at Stonehenge AL"	"Facility"	"7900 CREEDMOOR RD, RALEIGH, NC 27613-27613"	"8"
"1735"	"12357"	"Eventus - North Carolina - Abbotswood at Stonehenge AL"	"Facility"	"7900 CREEDMOOR RD, RALEIGH, NC 27613-27613"	"8"
"1391"	"13368"	"Lino Lakes Assisted Living"	"Facility"	"725 Town Center Parkway, Lino Lakes, MN 55014-1127"	"6"
"1735"	"12806"	"Eventus - North Carolina - Sunrise of Raleigh"	"Facility"	"4801 EDWARDS MILL RD, RALEIGH, NC 27612-27612"	"8"
"1937"	"11823"	"Advanced Care House Calls"	"IC"	"9510 Ormsby Station Rd Ste 100, Louisville, KY 40223"	"5"
"2088"	"13440"	"Heyday Health - Ohio"	"IC"	"143 Boardman Canfield Rd, Ste 359, Boardman, OH 44512"	"13"
"1937"	"11823"	"Advanced Care House Calls"	"IC"	"9510 Ormsby Station Rd Ste 100, Louisville, KY 40223"	"5"
"1391"	"12971"	"Harbor Crossing "	"Facility"	"4650 Centerville Road, White Bear Lake, MN 55127-3200"	"6"
"1391"	"11953"	"Oak Ridge Place Senior Living"	"Facility"	"6060 OXBORO AVE N, STILLWATER, MN 55082-6123"	"6"
"1899"	"11532"	"VHVI Anticoagulation Clinic"	"IC"	"3841 Green Hills Village Dr Ste 3034, Nashville, TN 37215"	"5"
"1937"	"11823"	"Advanced Care House Calls"	"IC"	"9510 Ormsby Station Rd Ste 100, Louisville, KY 40223"	"5"
"1391"	"10609"	"Care Partners of Kaukana"	"Facility"	"W5219 Amy Avenue, KAUKAUNA, WI 54130"	"11"
"1899"	"11532"	"VHVI Anticoagulation Clinic"	"IC"	"3841 Green Hills Village Dr Ste 3034, Nashville, TN 37215"	"5"
"1937"	"11823"	"Advanced Care House Calls"	"IC"	"9510 Ormsby Station Rd Ste 100, Louisville, KY 40223"	"5"
"1937"	"11823"	"Advanced Care House Calls"	"IC"	"9510 Ormsby Station Rd Ste 100, Louisville, KY 40223"	"5"
"1391"	"13335"	"Millers Landing Senior Living"	"Facility"	"155 South 5th Avenue, Minneapolis, MN 55401-2540"	"6"
"1937"	"11823"	"Advanced Care House Calls"	"IC"	"9510 Ormsby Station Rd Ste 100, Louisville, KY 40223"	"5"
"1954"	"11987"	"FHS - Tuscany Gardens"	"Facility"	"7400 Hazelton Etna Rd SW, Pataskala, OH 43062"	"13"
"1933"	"11795"	"Pioneer Physicians Network"	"IC"	"3515 Massillon Rd, Uniontown, OH 44685"	"13"
"1937"	"11823"	"Advanced Care House Calls"	"IC"	"9510 Ormsby Station Rd Ste 100, Louisville, KY 40223"	"5"
"1391"	"10801"	"Legacy Place - Sauk Rapids"	"Facility"	"902 15Th St Ne, Sauk Rapids, MN 56379-9605"	"6"
"1391"	"10624"	"Acr - Larch - IC"	"IC"	"4245 Larch Pl N, Plymouth, MN 55442-2735"	"6"
"1391"	"10801"	"Legacy Place - Sauk Rapids"	"Facility"	"902 15Th St Ne, Sauk Rapids, MN 56379-9605"	"6"
"1391"	"10801"	"Legacy Place - Sauk Rapids"	"Facility"	"902 15Th St Ne, Sauk Rapids, MN 56379-9605"	"6"
"1735"	"12465"	"Eventus - North Carolina - Brookstone of Clemmons"	"Facility"	"4430 CLINARD RD, CLEMMONS, NC 27012-27012"	"8"
"1288"	"11666"	"CHNR - CLINICAL - RESIDENTS"	"Facility"	"124 W Nashville St, Pembroke, KY 42266"	"5"
"1391"	"11391"	"CopperStone Assisted Living"	"Facility"	"751 Deerwood Ave, NEENAH, WI 54956"	"11"
"1735"	"12574"	"Eventus - North Carolina - Gabriel Manor"	"Facility"	"84 JOHNSON ESTATE RD, CLAYTON, NC 27520-27520"	"8"
"1735"	"12574"	"Eventus - North Carolina - Gabriel Manor"	"Facility"	"84 JOHNSON ESTATE RD, CLAYTON, NC 27520-27520"	"8"
"1391"	"13368"	"Lino Lakes Assisted Living"	"Facility"	"725 Town Center Parkway, Lino Lakes, MN 55014-1127"	"6"
"1641"	"9044"	"CAI - University Heights Health & Living - RESIDENT"	"Facility"	"1380 E County Line Road S, Indianapolis, IN 46227"	"9"
"1641"	"9044"	"CAI - University Heights Health & Living - RESIDENT"	"Facility"	"1380 E County Line Road S, Indianapolis, IN 46227"	"9"
"1937"	"11823"	"Advanced Care House Calls"	"IC"	"9510 Ormsby Station Rd Ste 100, Louisville, KY 40223"	"5"
"1391"	"13368"	"Lino Lakes Assisted Living"	"Facility"	"725 Town Center Parkway, Lino Lakes, MN 55014-1127"	"6"
"1735"	"12574"	"Eventus - North Carolina - Gabriel Manor"	"Facility"	"84 JOHNSON ESTATE RD, CLAYTON, NC 27520-27520"	"8"
"1735"	"12781"	"Eventus - North Carolina - Spring Arbor of Apex"	"Facility"	"901 SPRING ARBOR CT, APEX, NC 27502-27502"	"8"
"1391"	"13368"	"Lino Lakes Assisted Living"	"Facility"	"725 Town Center Parkway, Lino Lakes, MN 55014-1127"	"6"
"1391"	"11630"	"Hammer - Garland - IC"	"IC"	"1530 Garland Ln N, Plymouth, MN 55447-2718"	"6"
"1938"	"11825"	"ASL - Vitalia Westlake"	"Facility"	"26695 Center Ridge Rd, Westlake, OH 44145"	"13"
"2054"	"13280"	"Northern Lakes Nursing & Rehabilitation - MC, SNF, LTC"	"Facility"	"516 Williams St, Angola, IN 46703"	"9"
"1938"	"11825"	"ASL - Vitalia Westlake"	"Facility"	"26695 Center Ridge Rd, Westlake, OH 44145"	"13"
"1899"	"11532"	"VHVI Anticoagulation Clinic"	"IC"	"3841 Green Hills Village Dr Ste 3034, Nashville, TN 37215"	"5"
"1938"	"11825"	"ASL - Vitalia Westlake"	"Facility"	"26695 Center Ridge Rd, Westlake, OH 44145"	"13"
"1937"	"11823"	"Advanced Care House Calls"	"IC"	"9510 Ormsby Station Rd Ste 100, Louisville, KY 40223"	"5"
"1938"	"11825"	"ASL - Vitalia Westlake"	"Facility"	"26695 Center Ridge Rd, Westlake, OH 44145"	"13"
"1735"	"12603"	"Eventus - North Carolina - Heartfields"	"Facility"	"1050 CRESCENT GRN, CARY, NC 27518-27518"	"8"
"1735"	"12574"	"Eventus - North Carolina - Gabriel Manor"	"Facility"	"84 JOHNSON ESTATE RD, CLAYTON, NC 27520-27520"	"8"
"1391"	"13368"	"Lino Lakes Assisted Living"	"Facility"	"725 Town Center Parkway, Lino Lakes, MN 55014-1127"	"6"
"1937"	"11823"	"Advanced Care House Calls"	"IC"	"9510 Ormsby Station Rd Ste 100, Louisville, KY 40223"	"5"
"1641"	"9044"	"CAI - University Heights Health & Living - RESIDENT"	"Facility"	"1380 E County Line Road S, Indianapolis, IN 46227"	"9"
"1954"	"11995"	"FHS - Darby Glenn"	"Facility"	"4787 Tremont Club Dr, Hilliard, OH 43026"	"13"
"1735"	"12753"	"Eventus - North Carolina - Seasons at Southpoint"	"Facility"	"1002 E NC HWY 54, DURHAM, NC 27713-27713"	"8"
"1954"	"11989"	"FHS - Country View of Sunbury"	"Facility"	"14961 N Old 3c Rd, Sunbury, OH 43074"	"13"
"2058"	"13310"	"Majestic Care of Goshen"	"Facility"	"2400 College Ave, Goshen, IN 46528"	"9"
"1937"	"11823"	"Advanced Care House Calls"	"IC"	"9510 Ormsby Station Rd Ste 100, Louisville, KY 40223"	"5"
"1938"	"11825"	"ASL - Vitalia Westlake"	"Facility"	"26695 Center Ridge Rd, Westlake, OH 44145"	"13"
"1391"	"13368"	"Lino Lakes Assisted Living"	"Facility"	"725 Town Center Parkway, Lino Lakes, MN 55014-1127"	"6"
"1938"	"11825"	"ASL - Vitalia Westlake"	"Facility"	"26695 Center Ridge Rd, Westlake, OH 44145"	"13"
"1391"	"13368"	"Lino Lakes Assisted Living"	"Facility"	"725 Town Center Parkway, Lino Lakes, MN 55014-1127"	"6"
"2004"	"13414"	"Waldron Rehab and Healthcare Center"	"Facility"	"505 N Main St, Waldron, IN 46182"	"9"
"2004"	"13414"	"Waldron Rehab and Healthcare Center"	"Facility"	"505 N Main St, Waldron, IN 46182"	"9"
"1285"	"6693"	"BNR - RESIDENTS"	"Facility"	"814 Old Ekron Rd, Brandenburg, KY 40108"	"5"
"2004"	"13414"	"Waldron Rehab and Healthcare Center"	"Facility"	"505 N Main St, Waldron, IN 46182"	"9"
"2052"	"13266"	"Pioneer Trace Group, LLC - SNF"	"Facility"	"115 Pioneer Trce, Flemingsburg, KY 41041, US"	"5"
"1937"	"11823"	"Advanced Care House Calls"	"IC"	"9510 Ormsby Station Rd Ste 100, Louisville, KY 40223"	"5"
"1954"	"12007"	"FHS - Meadow Grove Transitional Care"	"Facility"	"5919 Blue Star Dr, Grove City, OH 43123"	"13"
"1937"	"11823"	"Advanced Care House Calls"	"IC"	"9510 Ormsby Station Rd Ste 100, Louisville, KY 40223"	"5"
"1937"	"11823"	"Advanced Care House Calls"	"IC"	"9510 Ormsby Station Rd Ste 100, Louisville, KY 40223"	"5"
"1937"	"11823"	"Advanced Care House Calls"	"IC"	"9510 Ormsby Station Rd Ste 100, Louisville, KY 40223"	"5"
"1954"	"12007"	"FHS - Meadow Grove Transitional Care"	"Facility"	"5919 Blue Star Dr, Grove City, OH 43123"	"13"
"1735"	"12574"	"Eventus - North Carolina - Gabriel Manor"	"Facility"	"84 JOHNSON ESTATE RD, CLAYTON, NC 27520-27520"	"8"
"1937"	"11823"	"Advanced Care House Calls"	"IC"	"9510 Ormsby Station Rd Ste 100, Louisville, KY 40223"	"5"
"1912"	"11656"	"Elite House Calls"	"IC"	"2680 Masonville Beverly Rd, Hopkinsville, KY 42240"	"5"
"1899"	"11532"	"VHVI Anticoagulation Clinic"	"IC"	"3841 Green Hills Village Dr Ste 3034, Nashville, TN 37215"	"5"
"1641"	"9036"	"CAI - Lincoln Hills Health Center - RESIDENT"	"Facility"	"326 Country Club Drive, New Albany, IN 47150"	"5"
"1937"	"11823"	"Advanced Care House Calls"	"IC"	"9510 Ormsby Station Rd Ste 100, Louisville, KY 40223"	"5"
"1937"	"11823"	"Advanced Care House Calls"	"IC"	"9510 Ormsby Station Rd Ste 100, Louisville, KY 40223"	"5"
"1937"	"11823"	"Advanced Care House Calls"	"IC"	"9510 Ormsby Station Rd Ste 100, Louisville, KY 40223"	"5"
"2088"	"13440"	"Heyday Health - Ohio"	"IC"	"143 Boardman Canfield Rd, Ste 359, Boardman, OH 44512"	"13"
"1937"	"11823"	"Advanced Care House Calls"	"IC"	"9510 Ormsby Station Rd Ste 100, Louisville, KY 40223"	"5"
"1954"	"11995"	"FHS - Darby Glenn"	"Facility"	"4787 Tremont Club Dr, Hilliard, OH 43026"	"13"
"1899"	"11532"	"VHVI Anticoagulation Clinic"	"IC"	"3841 Green Hills Village Dr Ste 3034, Nashville, TN 37215"	"5"
"1735"	"12525"	"Eventus - North Carolina - Southwood"	"Facility"	"3150 BURKE MILL RD, WINSTON SALEM, NC 27103-27103"	"8"
"1938"	"11839"	"ASL - Vitalia North Olmsted"	"Facility"	"29801 Lorain Rd, North Olmsted, OH 44070"	"13"
"1947"	"11915"	"Fern Terrace of Owensboro"	"Facility"	"45 Woodford Ave, Owensboro, KY 42301"	"5"
"1735"	"12457"	"Eventus - North Carolina - Brookdale South Park"	"Facility"	"5326 PARK RD, CHARLOTTE, NC 28209-28209"	"8"
"1735"	"12525"	"Eventus - North Carolina - Southwood"	"Facility"	"3150 BURKE MILL RD, WINSTON SALEM, NC 27103-27103"	"8"
"1735"	"12457"	"Eventus - North Carolina - Brookdale South Park"	"Facility"	"5326 PARK RD, CHARLOTTE, NC 28209-28209"	"8"
"1735"	"12525"	"Eventus - North Carolina - Southwood"	"Facility"	"3150 BURKE MILL RD, WINSTON SALEM, NC 27103-27103"	"8"
"2058"	"13310"	"Majestic Care of Goshen"	"Facility"	"2400 College Ave, Goshen, IN 46528"	"9"
"1937"	"11823"	"Advanced Care House Calls"	"IC"	"9510 Ormsby Station Rd Ste 100, Louisville, KY 40223"	"5"
"1954"	"11987"	"FHS - Tuscany Gardens"	"Facility"	"7400 Hazelton Etna Rd SW, Pataskala, OH 43062"	"13"
"1735"	"12488"	"Eventus - North Carolina - Carolina Reserve of Durham AL"	"Facility"	"4523 HOPE VALLEY RD, DURHAM, NC 27707-27707"	"8"
"1018"	"9502"	"DSL - Columbus - (Blood and ID)"	"Facility"	"2870 Snouffer Rd, Columbus, OH 43235"	"13"
"1937"	"11823"	"Advanced Care House Calls"	"IC"	"9510 Ormsby Station Rd Ste 100, Louisville, KY 40223"	"5"
"1937"	"11823"	"Advanced Care House Calls"	"IC"	"9510 Ormsby Station Rd Ste 100, Louisville, KY 40223"	"5"
"1937"	"11823"	"Advanced Care House Calls"	"IC"	"9510 Ormsby Station Rd Ste 100, Louisville, KY 40223"	"5"
"1641"	"9030"	"CAI - Greenwood Health & Living Community - RESIDENT"	"Facility"	"937 Fry Road, Greenwood, IN 46142"	"9"
"1391"	"13368"	"Lino Lakes Assisted Living"	"Facility"	"725 Town Center Parkway, Lino Lakes, MN 55014-1127"	"6"
"1937"	"11823"	"Advanced Care House Calls"	"IC"	"9510 Ormsby Station Rd Ste 100, Louisville, KY 40223"	"5"
"1954"	"11989"	"FHS - Country View of Sunbury"	"Facility"	"14961 N Old 3c Rd, Sunbury, OH 43074"	"13"
"1729"	"9995"	"The Glenn Hopkins - CLINICAL"	"Facility"	"1011 Feltl Ct, Hopkins, MN 55343"	"6"
"1729"	"9995"	"The Glenn Hopkins - CLINICAL"	"Facility"	"1011 Feltl Ct, Hopkins, MN 55343"	"6"
"1937"	"11823"	"Advanced Care House Calls"	"IC"	"9510 Ormsby Station Rd Ste 100, Louisville, KY 40223"	"5"
"1937"	"11823"	"Advanced Care House Calls"	"IC"	"9510 Ormsby Station Rd Ste 100, Louisville, KY 40223"	"5"
"1641"	"9015"	"CAI - Aspen Trace Health & Living - RESIDENT"	"Facility"	"3154 South SR 135, Greenwood, IN 46143"	"9"
"1937"	"11823"	"Advanced Care House Calls"	"IC"	"9510 Ormsby Station Rd Ste 100, Louisville, KY 40223"	"5"
"1641"	"9015"	"CAI - Aspen Trace Health & Living - RESIDENT"	"Facility"	"3154 South SR 135, Greenwood, IN 46143"	"9"
"1641"	"9015"	"CAI - Aspen Trace Health & Living - RESIDENT"	"Facility"	"3154 South SR 135, Greenwood, IN 46143"	"9"
"1641"	"9015"	"CAI - Aspen Trace Health & Living - RESIDENT"	"Facility"	"3154 South SR 135, Greenwood, IN 46143"	"9"
"1641"	"9015"	"CAI - Aspen Trace Health & Living - RESIDENT"	"Facility"	"3154 South SR 135, Greenwood, IN 46143"	"9"
"1641"	"9015"	"CAI - Aspen Trace Health & Living - RESIDENT"	"Facility"	"3154 South SR 135, Greenwood, IN 46143"	"9"
"1641"	"9015"	"CAI - Aspen Trace Health & Living - RESIDENT"	"Facility"	"3154 South SR 135, Greenwood, IN 46143"	"9"
"1641"	"9015"	"CAI - Aspen Trace Health & Living - RESIDENT"	"Facility"	"3154 South SR 135, Greenwood, IN 46143"	"9"
"1937"	"11823"	"Advanced Care House Calls"	"IC"	"9510 Ormsby Station Rd Ste 100, Louisville, KY 40223"	"5"
"1735"	"12420"	"Eventus - North Carolina - Brookdale Cary"	"Facility"	"7870 CHAPEL HILL RD, CARY, NC 27513-27513"	"8"
"1937"	"11823"	"Advanced Care House Calls"	"IC"	"9510 Ormsby Station Rd Ste 100, Louisville, KY 40223"	"5"
"1937"	"11823"	"Advanced Care House Calls"	"IC"	"9510 Ormsby Station Rd Ste 100, Louisville, KY 40223"	"5"
"2019"	"12991"	"Wellington Parc of Owensboro"	"Facility"	"2885 New Hartford Rd, Owensboro, KY 42303"	"5"
"1937"	"11823"	"Advanced Care House Calls"	"IC"	"9510 Ormsby Station Rd Ste 100, Louisville, KY 40223"	"5"
"1938"	"11825"	"ASL - Vitalia Westlake"	"Facility"	"26695 Center Ridge Rd, Westlake, OH 44145"	"13"
"1911"	"11649"	"Pennyrile Home"	"Facility"	"502 Noel Ave, Hopkinsville, KY 42240"	"5"
"1937"	"11823"	"Advanced Care House Calls"	"IC"	"9510 Ormsby Station Rd Ste 100, Louisville, KY 40223"	"5"
"1911"	"11649"	"Pennyrile Home"	"Facility"	"502 Noel Ave, Hopkinsville, KY 42240"	"5"
"1941"	"11875"	"Davco Rest Home"	"Facility"	"2526 W 10th St, Owensboro, KY 42301"	"5"
"1911"	"11649"	"Pennyrile Home"	"Facility"	"502 Noel Ave, Hopkinsville, KY 42240"	"5"
"1911"	"11649"	"Pennyrile Home"	"Facility"	"502 Noel Ave, Hopkinsville, KY 42240"	"5"
"1941"	"11875"	"Davco Rest Home"	"Facility"	"2526 W 10th St, Owensboro, KY 42301"	"5"
"1911"	"11649"	"Pennyrile Home"	"Facility"	"502 Noel Ave, Hopkinsville, KY 42240"	"5"
"1911"	"11649"	"Pennyrile Home"	"Facility"	"502 Noel Ave, Hopkinsville, KY 42240"	"5"
"1911"	"11649"	"Pennyrile Home"	"Facility"	"502 Noel Ave, Hopkinsville, KY 42240"	"5"
"1911"	"11649"	"Pennyrile Home"	"Facility"	"502 Noel Ave, Hopkinsville, KY 42240"	"5"
"2058"	"13310"	"Majestic Care of Goshen"	"Facility"	"2400 College Ave, Goshen, IN 46528"	"9"
"1391"	"12961"	"Damacare - Corner House - IC"	"Facility"	"2221 W 55th St, Minneapolis, MN 55419-1517"	"6"
"1954"	"11995"	"FHS - Darby Glenn"	"Facility"	"4787 Tremont Club Dr, Hilliard, OH 43026"	"13"
"1911"	"11649"	"Pennyrile Home"	"Facility"	"502 Noel Ave, Hopkinsville, KY 42240"	"5"
"1911"	"11649"	"Pennyrile Home"	"Facility"	"502 Noel Ave, Hopkinsville, KY 42240"	"5"
"1911"	"11649"	"Pennyrile Home"	"Facility"	"502 Noel Ave, Hopkinsville, KY 42240"	"5"
"1641"	"9036"	"CAI - Lincoln Hills Health Center - RESIDENT"	"Facility"	"326 Country Club Drive, New Albany, IN 47150"	"5"
"1911"	"11649"	"Pennyrile Home"	"Facility"	"502 Noel Ave, Hopkinsville, KY 42240"	"5"
"1911"	"11649"	"Pennyrile Home"	"Facility"	"502 Noel Ave, Hopkinsville, KY 42240"	"5"
"1911"	"11649"	"Pennyrile Home"	"Facility"	"502 Noel Ave, Hopkinsville, KY 42240"	"5"
"1391"	"12962"	"Damacare - Middle House - IC"	"Facility"	"5515 Penn Ave S, Minneapolis, MN 55419-1517"	"6"
"1911"	"11649"	"Pennyrile Home"	"Facility"	"502 Noel Ave, Hopkinsville, KY 42240"	"5"
"1937"	"11823"	"Advanced Care House Calls"	"IC"	"9510 Ormsby Station Rd Ste 100, Louisville, KY 40223"	"5"
"1391"	"12962"	"Damacare - Middle House - IC"	"Facility"	"5515 Penn Ave S, Minneapolis, MN 55419-1517"	"6"
"1134"	"3732"	"Morgantown Care & Rehabilitation Center"	"Facility"	"201 South Warren Street   , Morgantown, KY 42261, US"	"5"
"2058"	"13310"	"Majestic Care of Goshen"	"Facility"	"2400 College Ave, Goshen, IN 46528"	"9"
"1391"	"10690"	"Matthews Of Neenah Assisted Living"	"Facility"	"990 W American Dr, Neenah, WI 54956-1886"	"11"
"1735"	"12603"	"Eventus - North Carolina - Heartfields"	"Facility"	"1050 CRESCENT GRN, CARY, NC 27518-27518"	"8"
"1937"	"11823"	"Advanced Care House Calls"	"IC"	"9510 Ormsby Station Rd Ste 100, Louisville, KY 40223"	"5"
"2058"	"13310"	"Majestic Care of Goshen"	"Facility"	"2400 College Ave, Goshen, IN 46528"	"9"
"2058"	"13310"	"Majestic Care of Goshen"	"Facility"	"2400 College Ave, Goshen, IN 46528"	"9"
"1139"	"3812"	"RPSL - Lexington"	"Facility"	"3195 Rio Dosa Dr, Lexington, KY 40509"	"5"
"1972"	"12114"	"Hellenic Senior Living of New Albany"	"Facility"	"2632 Grant Line Rd, New Albany, IN 47150"	"5"
"1391"	"12961"	"Damacare - Corner House - IC"	"Facility"	"2221 W 55th St, Minneapolis, MN 55419-1517"	"6"
"1937"	"11823"	"Advanced Care House Calls"	"IC"	"9510 Ormsby Station Rd Ste 100, Louisville, KY 40223"	"5"
"1899"	"11532"	"VHVI Anticoagulation Clinic"	"IC"	"3841 Green Hills Village Dr Ste 3034, Nashville, TN 37215"	"5"
"1899"	"11532"	"VHVI Anticoagulation Clinic"	"IC"	"3841 Green Hills Village Dr Ste 3034, Nashville, TN 37215"	"5"
"1729"	"9995"	"The Glenn Hopkins - CLINICAL"	"Facility"	"1011 Feltl Ct, Hopkins, MN 55343"	"6"
"1582"	"8438"	"AMH - Mayfield Heights"	"Facility"	"6200 Landerhaven Dr, Cleveland, OH 44124"	"13"
"1257"	"10993"	"VFM - Versailles Family Medicine - Mobile Labs"	"IC"	"460 Wilson Ave, Versailles, KY 40383"	"5"
"1514"	"7589"	"HSKY - Carrollton Manor - RESIDENTS"	"Facility"	"205 5th Street, Carrollton, KY 41008, US"	"5"
"1937"	"11823"	"Advanced Care House Calls"	"IC"	"9510 Ormsby Station Rd Ste 100, Louisville, KY 40223"	"5"
"1514"	"7589"	"HSKY - Carrollton Manor - RESIDENTS"	"Facility"	"205 5th Street, Carrollton, KY 41008, US"	"5"
"1514"	"7589"	"HSKY - Carrollton Manor - RESIDENTS"	"Facility"	"205 5th Street, Carrollton, KY 41008, US"	"5"
"1391"	"13368"	"Lino Lakes Assisted Living"	"Facility"	"725 Town Center Parkway, Lino Lakes, MN 55014-1127"	"6"
"1391"	"12962"	"Damacare - Middle House - IC"	"Facility"	"5515 Penn Ave S, Minneapolis, MN 55419-1517"	"6"
"1937"	"11823"	"Advanced Care House Calls"	"IC"	"9510 Ormsby Station Rd Ste 100, Louisville, KY 40223"	"5"
"1641"	"9036"	"CAI - Lincoln Hills Health Center - RESIDENT"	"Facility"	"326 Country Club Drive, New Albany, IN 47150"	"5"
"1641"	"9015"	"CAI - Aspen Trace Health & Living - RESIDENT"	"Facility"	"3154 South SR 135, Greenwood, IN 46143"	"9"
"1641"	"9015"	"CAI - Aspen Trace Health & Living - RESIDENT"	"Facility"	"3154 South SR 135, Greenwood, IN 46143"	"9"
"1288"	"11666"	"CHNR - CLINICAL - RESIDENTS"	"Facility"	"124 W Nashville St, Pembroke, KY 42266"	"5"
"1729"	"9923"	"Medford Senior Care - CLINICAL"	"Facility"	"108 3rd St NE, Medford, MN 55049"	"6"
"1582"	"8438"	"AMH - Mayfield Heights"	"Facility"	"6200 Landerhaven Dr, Cleveland, OH 44124"	"13"
"1288"	"11666"	"CHNR - CLINICAL - RESIDENTS"	"Facility"	"124 W Nashville St, Pembroke, KY 42266"	"5"
"1735"	"12453"	"Eventus - North Carolina - Brookdale Shelby"	"Facility"	"1425 E MARION ST, SHELBY, NC 28150-28150"	"8"
"1954"	"11996"	"FHS - Trueman Pointe Care Center"	"Facility"	"4660 Trueman Blvd, Hilliard, OH 43026"	"13"
"1735"	"12589"	"Eventus - North Carolina - Green Leaf Care Center"	"Facility"	"2041 NC 210  N, LILLINGTON, NC 27546-27546"	"8"
"1391"	"10681"	"Oak Park Place - Oak Creek"	"Facility"	"1980 W RAWSON AVE, OAK CREEK, WI 53154-1304"	"11"
"1391"	"11266"	"Liberty House"	"Facility"	"701 S Main St, Fond Du Lac, WI 54935-5729"	"11"
"1937"	"11823"	"Advanced Care House Calls"	"IC"	"9510 Ormsby Station Rd Ste 100, Louisville, KY 40223"	"5"
"1398"	"9157"	"GNAR - Clinical Blood"	"Facility"	"505 William Thomason BYU, Leitchfield, KY 42754"	"5"
"1954"	"11988"	"FHS - Crown Pointe Care Center"	"Facility"	"1850 Crown Park Ct, Columbus, OH 43235"	"13"
"1398"	"9157"	"GNAR - Clinical Blood"	"Facility"	"505 William Thomason BYU, Leitchfield, KY 42754"	"5"
"1735"	"12589"	"Eventus - North Carolina - Green Leaf Care Center"	"Facility"	"2041 NC 210  N, LILLINGTON, NC 27546-27546"	"8"
"1398"	"9157"	"GNAR - Clinical Blood"	"Facility"	"505 William Thomason BYU, Leitchfield, KY 42754"	"5"
"1641"	"9036"	"CAI - Lincoln Hills Health Center - RESIDENT"	"Facility"	"326 Country Club Drive, New Albany, IN 47150"	"5"
"1398"	"9157"	"GNAR - Clinical Blood"	"Facility"	"505 William Thomason BYU, Leitchfield, KY 42754"	"5"
"1398"	"9157"	"GNAR - Clinical Blood"	"Facility"	"505 William Thomason BYU, Leitchfield, KY 42754"	"5"
"1398"	"9157"	"GNAR - Clinical Blood"	"Facility"	"505 William Thomason BYU, Leitchfield, KY 42754"	"5"
"1398"	"9157"	"GNAR - Clinical Blood"	"Facility"	"505 William Thomason BYU, Leitchfield, KY 42754"	"5"
"1735"	"12589"	"Eventus - North Carolina - Green Leaf Care Center"	"Facility"	"2041 NC 210  N, LILLINGTON, NC 27546-27546"	"8"
"1735"	"12589"	"Eventus - North Carolina - Green Leaf Care Center"	"Facility"	"2041 NC 210  N, LILLINGTON, NC 27546-27546"	"8"
"1954"	"11988"	"FHS - Crown Pointe Care Center"	"Facility"	"1850 Crown Park Ct, Columbus, OH 43235"	"13"
"1391"	"12334"	"CareCo Apartments - IC"	"IC"	"6115 Carmen Ave E, Inver Grove Heights, MN 55076"	"6"
"1954"	"11995"	"FHS - Darby Glenn"	"Facility"	"4787 Tremont Club Dr, Hilliard, OH 43026"	"13"
"1954"	"11996"	"FHS - Trueman Pointe Care Center"	"Facility"	"4660 Trueman Blvd, Hilliard, OH 43026"	"13"
"1391"	"12963"	"Damacare - Oliver - IC"	"Facility"	"5518 Oliver Ave S, Minneapolis, MN 55419-1517"	"6"
"1937"	"11823"	"Advanced Care House Calls"	"IC"	"9510 Ormsby Station Rd Ste 100, Louisville, KY 40223"	"5"
"1954"	"12007"	"FHS - Meadow Grove Transitional Care"	"Facility"	"5919 Blue Star Dr, Grove City, OH 43123"	"13"
"2004"	"12978"	"University Park Health & Rehab"	"Facility"	"1400 Medical Park Dr, Fort Wayne, IN 46825"	"9"
"1391"	"11044"	"Oak Park Place Wauwatosa"	"Facility"	"1621 Rivers Bnd, Wauwatosa, WI 53226-3062"	"11"
"1582"	"8438"	"AMH - Mayfield Heights"	"Facility"	"6200 Landerhaven Dr, Cleveland, OH 44124"	"13"
"1899"	"11532"	"VHVI Anticoagulation Clinic"	"IC"	"3841 Green Hills Village Dr Ste 3034, Nashville, TN 37215"	"5"
"1582"	"8438"	"AMH - Mayfield Heights"	"Facility"	"6200 Landerhaven Dr, Cleveland, OH 44124"	"13"
"1954"	"11989"	"FHS - Country View of Sunbury"	"Facility"	"14961 N Old 3c Rd, Sunbury, OH 43074"	"13"
"1899"	"11532"	"VHVI Anticoagulation Clinic"	"IC"	"3841 Green Hills Village Dr Ste 3034, Nashville, TN 37215"	"5"
"1729"	"9995"	"The Glenn Hopkins - CLINICAL"	"Facility"	"1011 Feltl Ct, Hopkins, MN 55343"	"6"
"1937"	"11823"	"Advanced Care House Calls"	"IC"	"9510 Ormsby Station Rd Ste 100, Louisville, KY 40223"	"5"
"1937"	"11823"	"Advanced Care House Calls"	"IC"	"9510 Ormsby Station Rd Ste 100, Louisville, KY 40223"	"5"
"2063"	"13341"	"The Residence at North Ridge - AL - MC"	"Facility"	"5500 Boone Ave N, Minneapolis, MN 55428"	"6"
"1911"	"11649"	"Pennyrile Home"	"Facility"	"502 Noel Ave, Hopkinsville, KY 42240"	"5"
"1937"	"11823"	"Advanced Care House Calls"	"IC"	"9510 Ormsby Station Rd Ste 100, Louisville, KY 40223"	"5"
"2063"	"13341"	"The Residence at North Ridge - AL - MC"	"Facility"	"5500 Boone Ave N, Minneapolis, MN 55428"	"6"
"2063"	"13341"	"The Residence at North Ridge - AL - MC"	"Facility"	"5500 Boone Ave N, Minneapolis, MN 55428"	"6"
"1962"	"12027"	"Hearthstone Place"	"Facility"	"506 Allensville St, Elkton, KY 42220"	"5"
"1735"	"12453"	"Eventus - North Carolina - Brookdale Shelby"	"Facility"	"1425 E MARION ST, SHELBY, NC 28150-28150"	"8"
"1944"	"11892"	"VNA Health @ Home"	"IC"	"2464 Fortune Dr, Lexington, KY 40509"	"5"
"1735"	"12453"	"Eventus - North Carolina - Brookdale Shelby"	"Facility"	"1425 E MARION ST, SHELBY, NC 28150-28150"	"8"
"1944"	"11892"	"VNA Health @ Home"	"IC"	"2464 Fortune Dr, Lexington, KY 40509"	"5"
"1944"	"11892"	"VNA Health @ Home"	"IC"	"2464 Fortune Dr, Lexington, KY 40509"	"5"
"1937"	"11823"	"Advanced Care House Calls"	"IC"	"9510 Ormsby Station Rd Ste 100, Louisville, KY 40223"	"5"
"1398"	"9157"	"GNAR - Clinical Blood"	"Facility"	"505 William Thomason BYU, Leitchfield, KY 42754"	"5"
"2004"	"13376"	"Chalet Rehabilitation & Healthcare Center"	"Facility"	"4851 Tincher Rd, Indianapolis, IN 46221"	"9"
"1937"	"11823"	"Advanced Care House Calls"	"IC"	"9510 Ormsby Station Rd Ste 100, Louisville, KY 40223"	"5"
"1944"	"11892"	"VNA Health @ Home"	"IC"	"2464 Fortune Dr, Lexington, KY 40509"	"5"
"1398"	"9157"	"GNAR - Clinical Blood"	"Facility"	"505 William Thomason BYU, Leitchfield, KY 42754"	"5"
"1937"	"11823"	"Advanced Care House Calls"	"IC"	"9510 Ormsby Station Rd Ste 100, Louisville, KY 40223"	"5"
"1018"	"10396"	"DSL - Millersburg"	"Facility"	"4245 Glen Dr, Millersburg, OH 44654"	"13"
"1398"	"9157"	"GNAR - Clinical Blood"	"Facility"	"505 William Thomason BYU, Leitchfield, KY 42754"	"5"
"1641"	"9044"	"CAI - University Heights Health & Living - RESIDENT"	"Facility"	"1380 E County Line Road S, Indianapolis, IN 46227"	"9"
"2058"	"13310"	"Majestic Care of Goshen"	"Facility"	"2400 College Ave, Goshen, IN 46528"	"9"
"1954"	"11987"	"FHS - Tuscany Gardens"	"Facility"	"7400 Hazelton Etna Rd SW, Pataskala, OH 43062"	"13"
"1937"	"11823"	"Advanced Care House Calls"	"IC"	"9510 Ormsby Station Rd Ste 100, Louisville, KY 40223"	"5"
"2063"	"13341"	"The Residence at North Ridge - AL - MC"	"Facility"	"5500 Boone Ave N, Minneapolis, MN 55428"	"6"
"1937"	"11823"	"Advanced Care House Calls"	"IC"	"9510 Ormsby Station Rd Ste 100, Louisville, KY 40223"	"5"
"1641"	"9044"	"CAI - University Heights Health & Living - RESIDENT"	"Facility"	"1380 E County Line Road S, Indianapolis, IN 46227"	"9"
"1641"	"9044"	"CAI - University Heights Health & Living - RESIDENT"	"Facility"	"1380 E County Line Road S, Indianapolis, IN 46227"	"9"
"1937"	"11823"	"Advanced Care House Calls"	"IC"	"9510 Ormsby Station Rd Ste 100, Louisville, KY 40223"	"5"
"1641"	"9044"	"CAI - University Heights Health & Living - RESIDENT"	"Facility"	"1380 E County Line Road S, Indianapolis, IN 46227"	"9"
"1735"	"12615"	"Eventus - North Carolina - Heritage Woods AL"	"Facility"	"3812 FORRESTGATE DR, WINSTON SALEM, NC 27103-27103"	"8"
"1735"	"12615"	"Eventus - North Carolina - Heritage Woods AL"	"Facility"	"3812 FORRESTGATE DR, WINSTON SALEM, NC 27103-27103"	"8"
"1937"	"11823"	"Advanced Care House Calls"	"IC"	"9510 Ormsby Station Rd Ste 100, Louisville, KY 40223"	"5"
"45"	"2558"	"AHH - Mt. Sterling"	"IC"	"101 Brandon Way Ste (2 entries), Mount Sterling, KY 40353"	"5"
"1778"	"10455"	"Alpine House of Columbus"	"Facility"	"1001 Schrock Rd, Columbus, OH 43229"	"13"
"1912"	"11656"	"Elite House Calls"	"IC"	"2680 Masonville Beverly Rd, Hopkinsville, KY 42240"	"5"
"1018"	"9502"	"DSL - Columbus - (Blood and ID)"	"Facility"	"2870 Snouffer Rd, Columbus, OH 43235"	"13"
"1778"	"10455"	"Alpine House of Columbus"	"Facility"	"1001 Schrock Rd, Columbus, OH 43229"	"13"
"1778"	"10455"	"Alpine House of Columbus"	"Facility"	"1001 Schrock Rd, Columbus, OH 43229"	"13"
"1954"	"11987"	"FHS - Tuscany Gardens"	"Facility"	"7400 Hazelton Etna Rd SW, Pataskala, OH 43062"	"13"
"1778"	"10455"	"Alpine House of Columbus"	"Facility"	"1001 Schrock Rd, Columbus, OH 43229"	"13"
"1285"	"6693"	"BNR - RESIDENTS"	"Facility"	"814 Old Ekron Rd, Brandenburg, KY 40108"	"5"
"1937"	"11823"	"Advanced Care House Calls"	"IC"	"9510 Ormsby Station Rd Ste 100, Louisville, KY 40223"	"5"
"2004"	"12954"	"Clinton House"	"Facility"	"809 W Freeman St, Frankfort, IN 46041"	"9"
"1937"	"11823"	"Advanced Care House Calls"	"IC"	"9510 Ormsby Station Rd Ste 100, Louisville, KY 40223"	"5"
"1735"	"12589"	"Eventus - North Carolina - Green Leaf Care Center"	"Facility"	"2041 NC 210  N, LILLINGTON, NC 27546-27546"	"8"
"1735"	"12589"	"Eventus - North Carolina - Green Leaf Care Center"	"Facility"	"2041 NC 210  N, LILLINGTON, NC 27546-27546"	"8"
"2054"	"13280"	"Northern Lakes Nursing & Rehabilitation - MC, SNF, LTC"	"Facility"	"516 Williams St, Angola, IN 46703"	"9"
"2054"	"13280"	"Northern Lakes Nursing & Rehabilitation - MC, SNF, LTC"	"Facility"	"516 Williams St, Angola, IN 46703"	"9"
"1954"	"11987"	"FHS - Tuscany Gardens"	"Facility"	"7400 Hazelton Etna Rd SW, Pataskala, OH 43062"	"13"
"1881"	"12979"	"LHCC - The Laurels of Goshen"	"Facility"	"1640 Autumn Blaze Ln, Goshen, IN 46526"	"9"
"2004"	"12954"	"Clinton House"	"Facility"	"809 W Freeman St, Frankfort, IN 46041"	"9"
"1289"	"6707"	"SLNR - RESIDENTS"	"Facility"	"2582 Cerulean Rd, Cadiz, KY 42211"	"5"
"1018"	"9352"	"DSL - Huber Heights (Blood & ID Only)"	"Facility"	"8001 Red Buckeye Dr, Tipp City, OH 45371"	"13"
"1937"	"11823"	"Advanced Care House Calls"	"IC"	"9510 Ormsby Station Rd Ste 100, Louisville, KY 40223"	"5"
"1134"	"3732"	"Morgantown Care & Rehabilitation Center"	"Facility"	"201 South Warren Street   , Morgantown, KY 42261, US"	"5"
"2058"	"13310"	"Majestic Care of Goshen"	"Facility"	"2400 College Ave, Goshen, IN 46528"	"9"
"1954"	"11989"	"FHS - Country View of Sunbury"	"Facility"	"14961 N Old 3c Rd, Sunbury, OH 43074"	"13"
"1954"	"11987"	"FHS - Tuscany Gardens"	"Facility"	"7400 Hazelton Etna Rd SW, Pataskala, OH 43062"	"13"
"1735"	"12781"	"Eventus - North Carolina - Spring Arbor of Apex"	"Facility"	"901 SPRING ARBOR CT, APEX, NC 27502-27502"	"8"
"1735"	"12781"	"Eventus - North Carolina - Spring Arbor of Apex"	"Facility"	"901 SPRING ARBOR CT, APEX, NC 27502-27502"	"8"
"1735"	"12781"	"Eventus - North Carolina - Spring Arbor of Apex"	"Facility"	"901 SPRING ARBOR CT, APEX, NC 27502-27502"	"8"
"1735"	"12781"	"Eventus - North Carolina - Spring Arbor of Apex"	"Facility"	"901 SPRING ARBOR CT, APEX, NC 27502-27502"	"8"
"2004"	"12954"	"Clinton House"	"Facility"	"809 W Freeman St, Frankfort, IN 46041"	"9"
"2004"	"12954"	"Clinton House"	"Facility"	"809 W Freeman St, Frankfort, IN 46041"	"9"
"2078"	"13402"	"Optalis - Three Rivers"	"Facility"	"517 S Erie St, Three Rivers, MI 49093"	"9"
"2078"	"13402"	"Optalis - Three Rivers"	"Facility"	"517 S Erie St, Three Rivers, MI 49093"	"9"
"2004"	"12977"	"Chateau Health & Rehab"	"Facility"	"6006 Brandy Chase Cv, Fort Wayne, IN 46815"	"9"
"1954"	"11989"	"FHS - Country View of Sunbury"	"Facility"	"14961 N Old 3c Rd, Sunbury, OH 43074"	"13"
"2078"	"13402"	"Optalis - Three Rivers"	"Facility"	"517 S Erie St, Three Rivers, MI 49093"	"9"
"1962"	"12027"	"Hearthstone Place"	"Facility"	"506 Allensville St, Elkton, KY 42220"	"5"
"2078"	"13402"	"Optalis - Three Rivers"	"Facility"	"517 S Erie St, Three Rivers, MI 49093"	"9"
"2078"	"13402"	"Optalis - Three Rivers"	"Facility"	"517 S Erie St, Three Rivers, MI 49093"	"9"
"2078"	"13402"	"Optalis - Three Rivers"	"Facility"	"517 S Erie St, Three Rivers, MI 49093"	"9"
"2078"	"13402"	"Optalis - Three Rivers"	"Facility"	"517 S Erie St, Three Rivers, MI 49093"	"9"
"2078"	"13402"	"Optalis - Three Rivers"	"Facility"	"517 S Erie St, Three Rivers, MI 49093"	"9"
"2078"	"13402"	"Optalis - Three Rivers"	"Facility"	"517 S Erie St, Three Rivers, MI 49093"	"9"
"2078"	"13402"	"Optalis - Three Rivers"	"Facility"	"517 S Erie St, Three Rivers, MI 49093"	"9"
"1641"	"9036"	"CAI - Lincoln Hills Health Center - RESIDENT"	"Facility"	"326 Country Club Drive, New Albany, IN 47150"	"5"
"1954"	"12007"	"FHS - Meadow Grove Transitional Care"	"Facility"	"5919 Blue Star Dr, Grove City, OH 43123"	"13"
"2004"	"13376"	"Chalet Rehabilitation & Healthcare Center"	"Facility"	"4851 Tincher Rd, Indianapolis, IN 46221"	"9"
"1641"	"9030"	"CAI - Greenwood Health & Living Community - RESIDENT"	"Facility"	"937 Fry Road, Greenwood, IN 46142"	"9"
"1641"	"9030"	"CAI - Greenwood Health & Living Community - RESIDENT"	"Facility"	"937 Fry Road, Greenwood, IN 46142"	"9"
"1134"	"3732"	"Morgantown Care & Rehabilitation Center"	"Facility"	"201 South Warren Street   , Morgantown, KY 42261, US"	"5"
"1778"	"10455"	"Alpine House of Columbus"	"Facility"	"1001 Schrock Rd, Columbus, OH 43229"	"13"
"1778"	"10455"	"Alpine House of Columbus"	"Facility"	"1001 Schrock Rd, Columbus, OH 43229"	"13"
"2078"	"13402"	"Optalis - Three Rivers"	"Facility"	"517 S Erie St, Three Rivers, MI 49093"	"9"
"2004"	"13376"	"Chalet Rehabilitation & Healthcare Center"	"Facility"	"4851 Tincher Rd, Indianapolis, IN 46221"	"9"
"1018"	"7356"	"DSL - Westerville"	"Facility"	"730 N Spring Rd, Westerville, OH 43082"	"13"
"1954"	"11989"	"FHS - Country View of Sunbury"	"Facility"	"14961 N Old 3c Rd, Sunbury, OH 43074"	"13"
"2004"	"12954"	"Clinton House"	"Facility"	"809 W Freeman St, Frankfort, IN 46041"	"9"
"2004"	"12954"	"Clinton House"	"Facility"	"809 W Freeman St, Frankfort, IN 46041"	"9"
"2004"	"12977"	"Chateau Health & Rehab"	"Facility"	"6006 Brandy Chase Cv, Fort Wayne, IN 46815"	"9"
"2004"	"12977"	"Chateau Health & Rehab"	"Facility"	"6006 Brandy Chase Cv, Fort Wayne, IN 46815"	"9"
"2026"	"13348"	"Colonial Nursing and Rehab"	"Facility"	"119 N Indiana Ave, Crown Point, IN 46307"	"9"
"2078"	"13402"	"Optalis - Three Rivers"	"Facility"	"517 S Erie St, Three Rivers, MI 49093"	"9"
"2078"	"13402"	"Optalis - Three Rivers"	"Facility"	"517 S Erie St, Three Rivers, MI 49093"	"9"
"1778"	"10455"	"Alpine House of Columbus"	"Facility"	"1001 Schrock Rd, Columbus, OH 43229"	"13"
"1954"	"11995"	"FHS - Darby Glenn"	"Facility"	"4787 Tremont Club Dr, Hilliard, OH 43026"	"13"
"884"	"12177"	"CP - Lexington - CLINICAL"	"Facility"	"2020 Cambridge Dr, Lexington, KY 40504"	"5"
"1937"	"11823"	"Advanced Care House Calls"	"IC"	"9510 Ormsby Station Rd Ste 100, Louisville, KY 40223"	"5"
"1285"	"6693"	"BNR - RESIDENTS"	"Facility"	"814 Old Ekron Rd, Brandenburg, KY 40108"	"5"
"1729"	"9995"	"The Glenn Hopkins - CLINICAL"	"Facility"	"1011 Feltl Ct, Hopkins, MN 55343"	"6"
"1729"	"9647"	"Copperfield Hill - CLINICAL"	"Facility"	"4200 40th Ave N, Robbinsdale, MN 55422"	"6"
"1729"	"9647"	"Copperfield Hill - CLINICAL"	"Facility"	"4200 40th Ave N, Robbinsdale, MN 55422"	"6"
"1937"	"11823"	"Advanced Care House Calls"	"IC"	"9510 Ormsby Station Rd Ste 100, Louisville, KY 40223"	"5"
"1937"	"11823"	"Advanced Care House Calls"	"IC"	"9510 Ormsby Station Rd Ste 100, Louisville, KY 40223"	"5"
"1937"	"11823"	"Advanced Care House Calls"	"IC"	"9510 Ormsby Station Rd Ste 100, Louisville, KY 40223"	"5"
"1937"	"11823"	"Advanced Care House Calls"	"IC"	"9510 Ormsby Station Rd Ste 100, Louisville, KY 40223"	"5"
"1937"	"11823"	"Advanced Care House Calls"	"IC"	"9510 Ormsby Station Rd Ste 100, Louisville, KY 40223"	"5"
"1735"	"12460"	"Eventus - North Carolina - Brookdale Wake Forest"	"Facility"	"611 BROOKS ST, WAKE FOREST, NC 27587-27587"	"8"
"1937"	"11823"	"Advanced Care House Calls"	"IC"	"9510 Ormsby Station Rd Ste 100, Louisville, KY 40223"	"5"
"1134"	"3732"	"Morgantown Care & Rehabilitation Center"	"Facility"	"201 South Warren Street   , Morgantown, KY 42261, US"	"5"
"1641"	"9036"	"CAI - Lincoln Hills Health Center - RESIDENT"	"Facility"	"326 Country Club Drive, New Albany, IN 47150"	"5"
"1641"	"9036"	"CAI - Lincoln Hills Health Center - RESIDENT"	"Facility"	"326 Country Club Drive, New Albany, IN 47150"	"5"
"1933"	"11795"	"Pioneer Physicians Network"	"IC"	"3515 Massillon Rd, Uniontown, OH 44685"	"13"
"1391"	"11847"	"Cornerstone Assisted Living Of Plymouth"	"Facility"	"3750 Lawndale Ln N, Plymouth, MN 55446-2967"	"6"
"1937"	"11823"	"Advanced Care House Calls"	"IC"	"9510 Ormsby Station Rd Ste 100, Louisville, KY 40223"	"5"
"1954"	"11986"	"FHS - Johnstown Pointe"	"Facility"	"383 W Coshocton St, Johnstown, OH 43031"	"13"
"1018"	"9502"	"DSL - Columbus - (Blood and ID)"	"Facility"	"2870 Snouffer Rd, Columbus, OH 43235"	"13"
"1938"	"11839"	"ASL - Vitalia North Olmsted"	"Facility"	"29801 Lorain Rd, North Olmsted, OH 44070"	"13"
"1937"	"11823"	"Advanced Care House Calls"	"IC"	"9510 Ormsby Station Rd Ste 100, Louisville, KY 40223"	"5"
"1641"	"9036"	"CAI - Lincoln Hills Health Center - RESIDENT"	"Facility"	"326 Country Club Drive, New Albany, IN 47150"	"5"
"1735"	"12806"	"Eventus - North Carolina - Sunrise of Raleigh"	"Facility"	"4801 EDWARDS MILL RD, RALEIGH, NC 27612-27612"	"8"
"1937"	"11823"	"Advanced Care House Calls"	"IC"	"9510 Ormsby Station Rd Ste 100, Louisville, KY 40223"	"5"
"1398"	"9157"	"GNAR - Clinical Blood"	"Facility"	"505 William Thomason BYU, Leitchfield, KY 42754"	"5"
"1641"	"9036"	"CAI - Lincoln Hills Health Center - RESIDENT"	"Facility"	"326 Country Club Drive, New Albany, IN 47150"	"5"
"1954"	"11996"	"FHS - Trueman Pointe Care Center"	"Facility"	"4660 Trueman Blvd, Hilliard, OH 43026"	"13"
"855"	"12940"	"CFC - Dogwood Estates"	"Facility"	"949 W 7th St, Beaver Dam, KY 42320"	"5"
"1641"	"9036"	"CAI - Lincoln Hills Health Center - RESIDENT"	"Facility"	"326 Country Club Drive, New Albany, IN 47150"	"5"
"1290"	"11583"	"FSNR - NON COVID (INS Bill)"	"Facility"	"414 Robey St, Franklin, KY 42134"	"5"
"1954"	"11989"	"FHS - Country View of Sunbury"	"Facility"	"14961 N Old 3c Rd, Sunbury, OH 43074"	"13"
"1290"	"11583"	"FSNR - NON COVID (INS Bill)"	"Facility"	"414 Robey St, Franklin, KY 42134"	"5"
"1013"	"9005"	"PHG - Beaver Dam N&R - CLINICAL BLOOD"	"Facility"	"1595 US-231, Beaver Dam, KY 42320"	"5"
"1735"	"12563"	"Eventus - North Carolina - Forest Heights"	"Facility"	"2500 POLO RIDGE CT, WINSTON SALEM, NC 27106-27106"	"8"
"1729"	"9953"	"Pleasant View Estates - CLINICAL"	"Facility"	"41 Brand Ave, Fairbault, MN 55021"	"6"
"1937"	"11823"	"Advanced Care House Calls"	"IC"	"9510 Ormsby Station Rd Ste 100, Louisville, KY 40223"	"5"
"1641"	"9036"	"CAI - Lincoln Hills Health Center - RESIDENT"	"Facility"	"326 Country Club Drive, New Albany, IN 47150"	"5"
"1735"	"12563"	"Eventus - North Carolina - Forest Heights"	"Facility"	"2500 POLO RIDGE CT, WINSTON SALEM, NC 27106-27106"	"8"
"1937"	"11823"	"Advanced Care House Calls"	"IC"	"9510 Ormsby Station Rd Ste 100, Louisville, KY 40223"	"5"
"1735"	"12563"	"Eventus - North Carolina - Forest Heights"	"Facility"	"2500 POLO RIDGE CT, WINSTON SALEM, NC 27106-27106"	"8"
"1735"	"12563"	"Eventus - North Carolina - Forest Heights"	"Facility"	"2500 POLO RIDGE CT, WINSTON SALEM, NC 27106-27106"	"8"
"1398"	"9157"	"GNAR - Clinical Blood"	"Facility"	"505 William Thomason BYU, Leitchfield, KY 42754"	"5"
"1954"	"11991"	"FHS - Highbanks Care Center"	"Facility"	"111 Lazelle Rd, Columbus, OH 43235"	"13"
"1641"	"9036"	"CAI - Lincoln Hills Health Center - RESIDENT"	"Facility"	"326 Country Club Drive, New Albany, IN 47150"	"5"
"1735"	"12444"	"Eventus - North Carolina - Brookdale New Hope"	"Facility"	"1680 S NEW HOPE RD, GASTONIA, NC 28054-28054"	"8"
"1641"	"9036"	"CAI - Lincoln Hills Health Center - RESIDENT"	"Facility"	"326 Country Club Drive, New Albany, IN 47150"	"5"
"1735"	"12563"	"Eventus - North Carolina - Forest Heights"	"Facility"	"2500 POLO RIDGE CT, WINSTON SALEM, NC 27106-27106"	"8"
"1641"	"9036"	"CAI - Lincoln Hills Health Center - RESIDENT"	"Facility"	"326 Country Club Drive, New Albany, IN 47150"	"5"
"1735"	"12563"	"Eventus - North Carolina - Forest Heights"	"Facility"	"2500 POLO RIDGE CT, WINSTON SALEM, NC 27106-27106"	"8"
"1735"	"12440"	"Eventus - North Carolina - Brookdale MacArthur Park"	"Facility"	"111 MACARTHUR DR, CARY, NC 27513-27513"	"8"
"1899"	"11532"	"VHVI Anticoagulation Clinic"	"IC"	"3841 Green Hills Village Dr Ste 3034, Nashville, TN 37215"	"5"
"1641"	"9036"	"CAI - Lincoln Hills Health Center - RESIDENT"	"Facility"	"326 Country Club Drive, New Albany, IN 47150"	"5"
"1735"	"12492"	"Eventus - North Carolina - Carriage House AL"	"Facility"	"3896 N ELM ST, GREENSBORO, NC 27455-27455"	"8"
"1937"	"11823"	"Advanced Care House Calls"	"IC"	"9510 Ormsby Station Rd Ste 100, Louisville, KY 40223"	"5"
"1729"	"9647"	"Copperfield Hill - CLINICAL"	"Facility"	"4200 40th Ave N, Robbinsdale, MN 55422"	"6"
"1954"	"11996"	"FHS - Trueman Pointe Care Center"	"Facility"	"4660 Trueman Blvd, Hilliard, OH 43026"	"13"
"1954"	"11996"	"FHS - Trueman Pointe Care Center"	"Facility"	"4660 Trueman Blvd, Hilliard, OH 43026"	"13"
"2023"	"13000"	"Blount Senior Care Partners - Home Program"	"IC"	"252 Cherokee Professional Park, Maryville, TN 37804"	"5"
"1257"	"10993"	"VFM - Versailles Family Medicine - Mobile Labs"	"IC"	"460 Wilson Ave, Versailles, KY 40383"	"5"
"1937"	"11823"	"Advanced Care House Calls"	"IC"	"9510 Ormsby Station Rd Ste 100, Louisville, KY 40223"	"5"
"1954"	"11986"	"FHS - Johnstown Pointe"	"Facility"	"383 W Coshocton St, Johnstown, OH 43031"	"13"
"1018"	"11354"	"DSL - Grove City"	"Facility"	"3615 glacial lane, Grove City, OH 43123, US"	"13"
"1391"	"10668"	"The Waters of Oak Creek"	"Facility"	"8000 South Market Street, OAK CREEK, WI 53154"	"11"
"1954"	"11996"	"FHS - Trueman Pointe Care Center"	"Facility"	"4660 Trueman Blvd, Hilliard, OH 43026"	"13"
"1954"	"11987"	"FHS - Tuscany Gardens"	"Facility"	"7400 Hazelton Etna Rd SW, Pataskala, OH 43062"	"13"
"1954"	"11996"	"FHS - Trueman Pointe Care Center"	"Facility"	"4660 Trueman Blvd, Hilliard, OH 43026"	"13"
					
